coh,id,adm.NAM,adm.IBS,adm.YRI,p1,p2,sex,rfm.NAM,rfm.IBS,rfm.YRI,P1.anc.NAM,P1.anc.IBS,P1.anc.YRI,P2.anc.NAM,P2.anc.IBS,P2.anc.YRI.2,P1.anc.NonYRI.2way,P1.anc.YRI.2way,P2.anc.NonYRI.2way,P2.anc.YRI.2way,adm.NonYRI,P1.sex,P1.adm.NAM,P1.adm.IBS,P1.adm.YRI,P1.adm.NonYRI,P1.rfm.NAM,P1.rfm.IBS,P1.rfm.YRI,P2.sex,P2.adm.NAM,P2.adm.IBS,P2.adm.YRI,P2.adm.NonYRI,P2.rfm.NAM,P2.rfm.IBS,P2.rfm.YRI,P1.anc.NonYRI.2way.rand,P2.anc.NonYRI.2way.rand,P1.anc.YRI.2way.rand,P2.anc.YRI.2way.rand
ACB,HG01881,0.021796,0.220233,0.757971,HG01879,HG01880,2,0.0107102070169694,0.294222019677505,0.695067773305526,0.008,0.325,0.667,0.013,0.178,0.809,0.185,0.815,0.411,0.588,0.242029,1,1e-05,0.152357,0.847633,0.152367,0.00154482014991217,0.161469455769181,0.836985724080907,2,0.065706,0.312022,0.622272,0.377728,0.0216800283459724,0.425069854307091,0.553250117346936,0.411,0.185,0.588,0.815
ACB,HG01884,1e-05,0.059809,0.940181,HG01885,HG01956,2,0.00252732674358951,0.0842594740387062,0.913213199217704,0,0.086,0.914,0.002,0.114,0.884,0.044,0.956,0.152,0.848,0.059819,1,1e-05,0.047068,0.952922,0.047078,0.00127034998366091,0.0625437762270996,0.93618587378924,2,1e-05,0.070144,0.929846,0.070154,0.00229400923025039,0.08043502594284,0.91727096482691,0.044,0.152,0.956,0.848
ACB,HG01887,1e-05,0.088252,0.911738,HG02014,HG01886,1,0.000550586552544276,0.110198853227454,0.889250560220001,0,0.16,0.84,0,0.063,0.937,0.062,0.938,0.167,0.833,0.088262,1,1e-05,0.119536,0.880454,0.119546,0.000508597260986341,0.134716829105127,0.864774573633887,2,1e-05,0.109114,0.890876,0.109124,0.000693558128648431,0.119050584622223,0.880255857249128,0.167,0.062,0.833,0.938
ACB,HG01888,1e-05,0.077066,0.922924,HG01882,HG01883,1,0.00341716047654727,0.0963457755778594,0.900237063945593,0.001,0.111,0.889,0.003,0.064,0.932,0.072,0.928,0.127,0.873,0.077076,1,1e-05,0.020652,0.979338,0.020662,0.00163178268486193,0.0391981582306631,0.959170059084475,2,1e-05,0.127699,0.872291,0.127709,0.00300835070891767,0.137134079124082,0.859857570167,0.127,0.072,0.928,0.873
ACB,HG01891,1e-05,0.062341,0.937649,HG01890,HG01889,2,0.00345431310669145,0.0799576719730353,0.916588014920273,0,0.134,0.865,0.002,0.025,0.973,0.096,0.904,0.062,0.938,0.062351,1,1e-05,0.119534,0.880456,0.119544,0.003663695456424,0.132649193109448,0.863687111434128,2,1e-05,0.013127,0.986863,0.013137,0.000533230750849805,0.0323526793661654,0.967114089882985,0.096,0.062,0.904,0.938
ACB,HG01895,1e-05,0.070445,0.929545,HG01912,HG01894,1,0.000348317945407792,0.0906888668714712,0.908962815183121,0,0.077,0.922,0.001,0.118,0.882,0.059,0.941,0.164,0.836,0.070455,1,1e-05,0.086871,0.913119,0.086881,0.000734341414498878,0.106320508870027,0.892945149715475,2,1e-05,0.070974,0.929016,0.070984,0.000803154409090007,0.0794960256267928,0.919700819964117,0.164,0.059,0.836,0.941
ACB,HG01897,1e-05,1e-05,0.99998,HG02013,HG01896,1,0.00118352006483692,0.0472000691147541,0.951616410820409,0.002,0.076,0.923,0.001,0.018,0.981,0.032,0.968,0.075,0.925,2e-05,1,1e-05,0.004366,0.995624,0.004376,0.00061580484909009,0.0329292278839377,0.966454967266972,2,1e-05,1e-05,0.99998,2e-05,0.00236095758871076,0.0316272826868393,0.96601175972445,0.075,0.032,0.925,0.968
ACB,HG01916,1e-05,0.087576,0.912414,HG01914,HG01915,2,0.00169828370865914,0.107642366600919,0.890659349690422,0,0.069,0.931,0.004,0.156,0.84,0.058,0.942,0.18,0.82,0.087586,1,1e-05,0.144619,0.855371,0.144629,0.00493143423746895,0.156890652438343,0.838177913324188,2,1e-05,0.068161,0.931829,0.068171,0.00238931572262197,0.078619587190587,0.918991097086791,0.18,0.058,0.942,0.82
ACB,HG01959,1e-05,0.127504,0.872486,HG01986,HG01958,2,0.00369156388971509,0.143031246774447,0.853277189335838,0.001,0.097,0.903,0.005,0.179,0.816,0.187,0.813,0.095,0.905,0.127514,1,1e-05,0.119338,0.880652,0.119348,0.00236839370419778,0.136890909033636,0.860740697262167,2,1e-05,0.128831,0.871159,0.128841,0.00588003257886551,0.141330421998411,0.852789545422723,0.187,0.095,0.905,0.813
ACB,HG01960,1e-05,0.282852,0.717138,HG01988,HG01989,2,0.00284284382586875,0.29879571185825,0.698361444315882,0,0.324,0.676,0.001,0.244,0.755,0.062,0.938,0.497,0.503,0.282862,1,1e-05,0.439707,0.560283,0.439717,0.00543607900388273,0.454530203917547,0.54003371707857,2,1e-05,0.147534,0.852456,0.147544,0.000435244700704828,0.159087681720922,0.840477073578373,0.062,0.497,0.503,0.938
ACB,HG01987,1e-05,0.068483,0.931507,HG01990,HG02012,1,0.00284082129644462,0.0908186216930706,0.906340557010485,0,0.06,0.94,0.004,0.125,0.87,0.052,0.948,0.132,0.868,0.068493,1,1e-05,0.060111,0.939879,0.060121,0.00297841150597416,0.0703105209824608,0.926711067511565,2,1e-05,0.068804,0.931186,0.068814,0.000535237971566798,0.0949201789270867,0.904544583101346,0.132,0.052,0.948,0.868
ACB,HG02011,1e-05,0.150505,0.849485,HG02009,HG02010,1,0.000613715032557853,0.168320131405727,0.831066153561715,0,0.107,0.892,0.001,0.28,0.718,0.103,0.897,0.247,0.753,0.150515,1,1e-05,0.137902,0.862088,0.137912,0.0018785330546879,0.142595467159033,0.855525999786279,2,1e-05,0.158409,0.841581,0.158419,0.00378260085486982,0.16378379870068,0.83243360044445,0.247,0.103,0.897,0.753
ACB,HG02055,1e-05,0.100769,0.899221,HG02053,HG02054,1,0.000952655148787511,0.11213258983609,0.886914755015123,0,0.047,0.953,0.001,0.168,0.83,0.047,0.953,0.183,0.817,0.100779,1,1e-05,0.059511,0.940479,0.059521,0.00159479453431535,0.0689008293663691,0.929504376099316,2,1e-05,0.122203,0.877787,0.122213,0.00129930159698596,0.136905727328118,0.861794971074896,0.183,0.047,0.817,0.953
ACB,HG02145,1e-05,0.122795,0.877195,HG02143,HG02144,1,0.0041188078328511,0.145579691701521,0.850301500465627,0.004,0.173,0.823,0.005,0.106,0.889,0.172,0.828,0.095,0.905,0.122805,1,1e-05,0.174524,0.825466,0.174534,0.0032465931757489,0.194602361907369,0.802151044916882,2,1e-05,0.058999,0.940991,0.059009,0.000631248308450164,0.0860734483173127,0.913295303374237,0.172,0.095,0.905,0.828
ACB,HG02257,0.011291,0.130526,0.858184,HG02255,HG02256,2,0.0159828648601463,0.145328708830189,0.838688426309665,0.006,0.137,0.857,0.024,0.137,0.839,0.21,0.79,0.072,0.928,0.141817,1,1e-05,0.070485,0.929505,0.070495,0.00219624230822732,0.0836893322148702,0.914114425476902,2,0.022406,0.19184,0.785753,0.214246,0.0218989389418311,0.206402420528468,0.771698640529701,0.072,0.21,0.79,0.928
ACB,HG02258,1e-05,0.084869,0.915121,HG02314,HG02315,1,0,0.114766786486185,0.885233213513815,0,0.127,0.873,0,0.107,0.893,0.085,0.915,0.125,0.875,0.084879,1,1e-05,0.058472,0.941518,0.058482,0,0.0771244425492724,0.922875557450728,2,1e-05,0.119258,0.880732,0.119268,0,0.129375255378606,0.870624744621394,0.125,0.085,0.915,0.875
ACB,HG02280,1e-05,0.061551,0.938439,HG02307,HG02308,2,0.00396036627416172,0.0818620676643631,0.914177566061475,0.001,0.089,0.91,0.004,0.074,0.922,0.043,0.956,0.157,0.843,0.061561,1,1e-05,0.048325,0.951665,0.048335,0.00175139032574555,0.0656528569829122,0.932595752691342,2,1e-05,0.095008,0.904982,0.095018,0.000412265975277794,0.10226647983142,0.897321254193302,0.157,0.043,0.843,0.956
ACB,HG02316,1e-05,0.032505,0.967485,HG02317,HG02318,1,0.00168257377098997,0.0642969681740651,0.934020458054945,0.001,0.081,0.918,0.001,0.042,0.957,0.001,0.999,0.227,0.773,0.032515,1,1e-05,0.039636,0.960354,0.039646,0.000922503404026318,0.0559199806145343,0.943157515981439,2,1e-05,0.029067,0.970923,0.029077,0.00280705011049519,0.0524719613445661,0.944720988544939,0.001,0.227,0.999,0.773
ACB,HG02321,1e-05,0.090327,0.909663,HG02281,HG02282,2,0.00243179542683291,0.108115788725105,0.889452415848062,0.004,0.061,0.935,0.004,0.193,0.803,0.08,0.92,0.166,0.834,0.090337,1,1e-05,0.018728,0.981262,0.018738,0.000556805091789349,0.0385672032797636,0.960875991628447,2,1e-05,0.192714,0.807276,0.192724,0.0021917499147159,0.20384735422954,0.793960895855744,0.08,0.166,0.834,0.92
ACB,HG02451,1e-05,0.032645,0.967345,HG02449,HG02450,2,0.000653191738055096,0.0574665162296868,0.941880292032258,0,0.028,0.972,0.002,0.089,0.909,0.026,0.974,0.098,0.902,0.032655,1,1e-05,0.041726,0.958264,0.041736,0.00117142903433133,0.0569051865248977,0.941923384440771,2,1e-05,0.067817,0.932173,0.067827,0.00023954762311865,0.0819944466831787,0.917766005693703,0.026,0.098,0.902,0.974
ASW,NA19702,0.013188,0.146658,0.840154,NA19700,NA19701,1,0.0165232891012758,0.159610059310446,0.823866651588278,0.001,0.202,0.797,0.035,0.117,0.848,0.107,0.893,0.25,0.75,0.159846,1,1e-05,0.176143,0.823847,0.176153,0.00269446346992371,0.18602841964216,0.811277116887916,2,0.025814,0.129903,0.844282,0.155717,0.0281242743628316,0.134235161996091,0.837640563641078,0.107,0.25,0.893,0.75
ASW,NA19705,1e-05,0.125158,0.874832,NA19703,NA19704,1,0.0034192739681731,0.131590830269839,0.864989895761988,0.002,0.172,0.826,0.002,0.131,0.867,0.104,0.896,0.198,0.802,0.125168,1,1e-05,0.141878,0.858112,0.141888,0.00291035059612312,0.148163133757174,0.848926515646703,2,1e-05,0.154,0.84599,0.15401,0.00648508929148061,0.151631953287942,0.841882957420577,0.198,0.104,0.896,0.802
ASW,NA19828,0.007471,0.253218,0.739311,NA19818,NA19819,1,0.0130854098916945,0.264674127225293,0.722240462883012,0.019,0.425,0.555,0.019,0.116,0.866,0.116,0.884,0.469,0.531,0.260689,1,0.01097,0.24638,0.742651,0.25735,0.0121088452124844,0.257730357738582,0.730160797048934,2,1e-05,0.266815,0.733175,0.266825,0.0118689572376444,0.267512783229719,0.720618259532636,0.116,0.469,0.884,0.531
ASW,NA19836,1e-05,0.194985,0.805005,NA19834,NA19835,2,0.00482644712393275,0.203996333049129,0.791177219826938,0.002,0.156,0.841,0.001,0.314,0.685,0.157,0.843,0.258,0.742,0.194995,1,1e-05,0.240153,0.759837,0.240163,0.00287775195033534,0.244325587745093,0.752796660304572,2,1e-05,0.163069,0.836921,0.163079,0.00734606878161103,0.162209902331687,0.830444028886702,0.157,0.258,0.843,0.742
ASW,NA19902,1e-05,0.111629,0.888361,NA19900,NA19901,2,0.0072526607469325,0.118922815838362,0.873824523414705,0.002,0.114,0.884,0.012,0.183,0.804,0.09,0.91,0.199,0.801,0.111639,1,1e-05,0.169169,0.830821,0.169179,0.00511931675408705,0.170155101398162,0.824725581847751,2,1e-05,0.079071,0.920919,0.079081,0.00939623220220211,0.0834283885374308,0.907175379260367,0.199,0.09,0.801,0.91
ASW,NA19918,1e-05,0.091352,0.908638,NA19916,NA19917,1,0.00386325531243859,0.105847320470637,0.890289424216925,0.001,0.071,0.928,0.006,0.138,0.856,0.057,0.943,0.173,0.827,0.091362,1,1e-05,0.109052,0.890938,0.109062,0.00261067161743325,0.1168445116319,0.880544816750667,2,1e-05,0.085094,0.914896,0.085104,0.00627163820780621,0.0920618962700717,0.901666465522122,0.173,0.057,0.943,0.827
ASW,NA19919,1e-05,0.103143,0.896847,NA19908,NA19909,1,0.00923520649814659,0.110676529036125,0.880088264465728,0.001,0.142,0.856,0.02,0.113,0.867,0.113,0.887,0.153,0.847,0.103153,1,1e-05,0.113926,0.886064,0.113936,0.00542583694478433,0.124867513820234,0.869706649234981,2,0.020817,0.096717,0.882466,0.117534,0.0228950403794778,0.104148013748723,0.872956945871799,0.113,0.153,0.847,0.887
ASW,NA19924,1e-05,0.333536,0.666454,NA19922,NA19923,2,0.00759153962833361,0.334978322329551,0.657430138042115,0.006,0.216,0.779,0.01,0.424,0.565,0.198,0.802,0.484,0.516,0.333546,1,1e-05,0.292796,0.707194,0.292806,0.00600768761547224,0.295932760401575,0.698059551982953,2,1e-05,0.39273,0.60726,0.39274,0.00416224344121691,0.394091103993083,0.6017466525657,0.198,0.484,0.802,0.516
ASW,NA19983,1e-05,0.221665,0.778325,NA19982,NA19713,2,0.00505678994186555,0.234826269379162,0.760116940678972,0.005,0.123,0.872,0.008,0.339,0.653,0.133,0.867,0.382,0.618,0.221675,1,1e-05,0.120292,0.879698,0.120302,0.00555032218897287,0.126900497489263,0.867549180321764,2,1e-05,0.258353,0.741637,0.258363,0.0021831663582266,0.269762237713909,0.728054595927864,0.382,0.133,0.618,0.867
ASW,NA20128,1e-05,0.172648,0.827342,NA20126,NA20127,2,0.00132716059584126,0.182917943123875,0.815754896280284,0.001,0.348,0.652,0.002,0.116,0.882,0.102,0.898,0.3,0.7,0.172658,1,1e-05,0.297883,0.702107,0.297893,0.00421322606419236,0.316691861962348,0.67909491197346,2,1e-05,0.084106,0.915884,0.084116,0.00400159725069177,0.0873114696936594,0.908686933055649,0.3,0.102,0.7,0.898
ASW,NA20129,0.049461,0.183134,0.767405,NA19920,NA19921,2,0.0551698002064049,0.206602724458852,0.738227475334743,0.545,0.455,0,0.497,0.503,0,0.14,0.86,0.37,0.63,0.232595,1,1e-05,0.094409,0.905581,0.094419,0.00165426227523306,0.103852061728188,0.894493675996579,2,0.101267,0.312445,0.586288,0.413712,0.101725361536231,0.319975892937413,0.578298745526356,0.14,0.37,0.63,0.86
ASW,NA20279,1e-05,0.413248,0.586742,NA20278,NA20282,1,0.00728503011812969,0.419303006298416,0.573411963583454,0.009,0.207,0.784,0.005,0.619,0.376,0.225,0.775,0.628,0.372,0.413258,1,1e-05,0.5126,0.48739,0.51261,0.00203497985323587,0.514303457855435,0.483661562291329,2,0.011027,0.264887,0.724087,0.275914,0.0193495883089201,0.264124179188243,0.716526232502837,0.225,0.628,0.372,0.775
ASW,NA20358,1e-05,0.122148,0.877842,NA20356,NA20357,1,0.00600429371070192,0.138391481145655,0.855604225143644,0.009,0.146,0.845,0.003,0.149,0.847,0.121,0.879,0.156,0.844,0.122158,1,1e-05,0.125056,0.874934,0.125066,0.000412893810278577,0.142402812597986,0.857184293591735,2,1e-05,0.09242,0.90757,0.09243,0.0113849644511812,0.0934937182244019,0.895121317324417,0.156,0.121,0.844,0.879
CLM,HG01114,0.167885,0.832105,1e-05,HG01112,HG01113,2,0.16056905404407,0.830714648379083,0.00871629757684684,0.083,0.91,0.006,0.276,0.712,0.012,0.989,0.011,0.987,0.013,0.99999,1,0.072711,0.927279,1e-05,0.99999,0.070634002152615,0.914092388414973,0.0152736094324125,2,0.2879,0.71209,1e-05,0.99999,0.274215756187623,0.714354992161493,0.0114292516508835,0.989,0.987,0.011,0.013
CLM,HG01126,0.279038,0.610594,0.110368,HG01124,HG01125,1,0.276376956153184,0.609610465560811,0.114012578286005,0.22,0.749,0.031,0.3,0.455,0.245,0.8,0.2,0.952,0.048,0.889632,1,0.286544,0.580369,0.133087,0.866913,0.271093458677306,0.589865592370999,0.139040948951695,2,0.250655,0.663495,0.08585,0.91415,0.246786869521951,0.660120836460125,0.0930922940179242,0.952,0.8,0.2,0.048
CLM,HG01135,0.210238,0.725525,0.064237,HG01133,HG01134,1,0.202853101051268,0.722586487014465,0.0745604119342676,0.113,0.763,0.123,0.302,0.665,0.032,0.956,0.044,0.893,0.107,0.935763,1,0.13948,0.853194,0.007326,0.992674,0.125288314755757,0.854764562850191,0.019947122394052,2,0.223184,0.664403,0.112413,0.887587,0.219333480202459,0.66238424073668,0.118282279060862,0.893,0.956,0.107,0.044
CLM,HG01138,0.296959,0.658047,0.044994,HG01136,HG01137,1,0.293837427394522,0.651517846635159,0.0546447259703187,0.071,0.844,0.085,0.537,0.432,0.03,0.891,0.109,0.984,0.016,0.955006,1,0.267464,0.650662,0.081874,0.918126,0.252133747537486,0.660652391797585,0.0872138606649297,2,0.340798,0.648355,0.010847,0.989153,0.336316736605219,0.64202865586904,0.0216546075257408,0.984,0.891,0.016,0.109
CLM,HG01141,0.256456,0.632675,0.110868,HG01139,HG01140,2,0.24691702895624,0.639926364876586,0.113156606167173,0.16,0.717,0.123,0.269,0.581,0.149,0.794,0.206,0.967,0.033,0.889131,1,0.294125,0.535467,0.170408,0.829592,0.291733778377339,0.544329568329363,0.163936653293298,2,0.270341,0.700095,0.029564,0.970436,0.263598654769362,0.699189543729224,0.0372118015014133,0.794,0.967,0.206,0.033
CLM,HG01150,0.330458,0.592916,0.076626,HG01148,HG01149,2,0.323125192515003,0.600155851823865,0.0767189556611323,0.512,0.421,0.067,0.14,0.768,0.092,0.963,0.037,0.87,0.13,0.923374,1,0.262085,0.69163,0.046285,0.953715,0.254137512936872,0.692334122393467,0.0535283646696611,2,0.441482,0.46004,0.098478,0.901522,0.4274840465008,0.472750339311085,0.0997656141881143,0.87,0.963,0.13,0.037
CLM,HG01252,0.271854,0.668496,0.05965,HG01250,HG01251,1,0.261227102487264,0.670478724084853,0.068294173427883,0.17,0.778,0.053,0.341,0.576,0.083,0.867,0.133,0.977,0.023,0.94035,1,0.314186,0.614687,0.071127,0.928873,0.306988187130839,0.614922778651733,0.0780890342174284,2,0.254415,0.735829,0.009756,0.990244,0.241128750715666,0.737863192899908,0.0210080563844263,0.977,0.867,0.023,0.133
CLM,HG01255,0.276536,0.632084,0.09138,HG01253,HG01254,1,0.272722272185016,0.632168868716434,0.0951088590985499,0.578,0.422,0,0.537,0.463,0,0.812,0.188,0.975,0.025,0.90862,1,0.22526,0.739963,0.034777,0.965223,0.227255082676966,0.725424423509655,0.0473204938133791,2,0.298989,0.540779,0.160233,0.839768,0.294421388352688,0.548954800120811,0.1566238115265,0.975,0.812,0.025,0.188
CLM,HG01258,0.20323,0.79676,1e-05,HG01256,HG01257,1,0.201169276950523,0.78832002106199,0.0105107019874873,0.129,0.859,0.012,0.294,0.692,0.014,0.963,0.037,0.959,0.041,0.99999,1,0.155368,0.844622,1e-05,0.99999,0.156041311303809,0.836222562779167,0.00773612591702413,2,0.28625,0.71374,1e-05,0.99999,0.276725652900089,0.706622324588216,0.0166520225116945,0.963,0.959,0.037,0.041
CLM,HG01261,0.227555,0.707435,0.06501,HG01259,HG01260,1,0.224216220112653,0.701296816637801,0.074486963249546,0.11,0.858,0.031,0.253,0.626,0.121,0.856,0.144,0.989,0.011,0.93499,1,0.118934,0.873027,0.008039,0.991961,0.115580330879206,0.857434566922293,0.0269851021985008,2,0.298843,0.576285,0.124872,0.875128,0.305412422921567,0.566701573734951,0.127886003343481,0.856,0.989,0.011,0.144
CLM,HG01273,0.257611,0.586189,0.1562,HG01271,HG01272,1,0.263870207736863,0.569101987202197,0.16702780506094,0.261,0.691,0.048,0.377,0.425,0.198,0.744,0.256,0.931,0.069,0.8438,1,0.253417,0.680414,0.066168,0.933831,0.258396117569179,0.66640270266438,0.0752011797664411,2,0.304004,0.517495,0.178501,0.821499,0.299297872519918,0.522235333184462,0.178466794295619,0.744,0.931,0.069,0.256
CLM,HG01276,0.171154,0.828836,1e-05,HG01274,HG01275,2,0.16586537594433,0.809549766394612,0.024584857661058,0.021,0.932,0.048,0.303,0.688,0.009,0.958,0.042,0.983,0.017,0.99999,1,0.291972,0.691872,0.016156,0.983844,0.28707152674988,0.679131908134377,0.0337965651157432,2,0.034545,0.965445,1e-05,0.99999,0.0329245081739261,0.958133585915988,0.0089419059100856,0.958,0.983,0.042,0.017
CLM,HG01279,0.326016,0.673974,1e-05,HG01277,HG01278,2,0.329641138463806,0.652745138565894,0.0176137229703005,0.182,0.809,0.009,0.462,0.513,0.025,0.976,0.024,0.984,0.016,0.99999,1,0.347067,0.652923,1e-05,0.99999,0.35839639750491,0.626858035229858,0.0147455672652323,2,0.356332,0.643658,1e-05,0.99999,0.356789726439997,0.623303753951464,0.0199065196085392,0.984,0.976,0.024,0.016
CLM,HG01343,0.421408,0.419525,0.159066,HG01341,HG01342,2,0.394411946725363,0.441409390682511,0.164178662592126,0.21,0.541,0.249,0.614,0.383,0.003,0.946,0.054,0.682,0.318,0.840933,1,0.589346,0.410644,1e-05,0.99999,0.562722416200789,0.423040126230444,0.0142374575687674,2,0.225109,0.421964,0.352927,0.647073,0.21358679696523,0.433130282724208,0.353282920310562,0.682,0.946,0.054,0.318
CLM,HG01346,0.316239,0.65885,0.024911,HG01344,HG01345,2,0.302137314252639,0.662853685445142,0.0350090003022195,0.589,0.411,0,0.503,0.497,0,0.968,0.032,0.93,0.07,0.975089,1,0.402628,0.574065,0.023307,0.976693,0.393702911315792,0.569711466173084,0.0365856225111237,2,0.222629,0.735772,0.041599,0.958401,0.220466663814168,0.729983461163483,0.0495498750223495,0.968,0.93,0.07,0.032
CLM,HG01349,0.249854,0.750136,1e-05,HG01347,HG01348,2,0.248368930060061,0.733978362634885,0.0176527073050543,0.415,0.526,0.059,0.126,0.862,0.012,0.991,0.009,0.958,0.042,0.99999,1,0.207567,0.792423,1e-05,0.99999,0.20873660301039,0.783690920973858,0.00757247601575241,2,0.383336,0.589556,0.027108,0.972892,0.379476965894791,0.581015115934199,0.03950791817101,0.991,0.958,0.042,0.009
CLM,HG01352,0.305598,0.666009,0.028393,HG01350,HG01351,2,0.294094340075763,0.667417417353805,0.038488242570432,0.142,0.785,0.073,0.501,0.474,0.025,0.976,0.024,0.931,0.069,0.971607,1,0.377826,0.555959,0.066215,0.933785,0.362762210437353,0.564405856159789,0.0728319334028575,2,0.277839,0.722151,1e-05,0.99999,0.278719530298732,0.707797940197933,0.0134825295033356,0.931,0.976,0.069,0.024
CLM,HG01355,0.201068,0.798922,1e-05,HG01353,HG01354,2,0.202284310843865,0.775696258228571,0.0220194309275641,0.137,0.844,0.019,0.283,0.695,0.022,0.969,0.031,0.985,0.015,0.99999,1,0.186819,0.805507,0.007673,0.992326,0.187220509022829,0.786981234927145,0.0257982560500263,2,0.161114,0.838876,1e-05,0.99999,0.157361398386912,0.828141020806779,0.0144975808063093,0.985,0.969,0.015,0.031
CLM,HG01358,0.332938,0.653878,0.013184,HG01356,HG01357,1,0.335689622893753,0.637950793843547,0.0263595832627003,0.179,0.795,0.026,0.434,0.517,0.049,0.98,0.02,0.953,0.047,0.986816,1,0.302633,0.653749,0.043619,0.956382,0.302960527874298,0.642280946744792,0.0547585253809101,2,0.286626,0.713364,1e-05,0.99999,0.276147039486936,0.708684187421223,0.0151687730918408,0.953,0.98,0.047,0.02
CLM,HG01361,0.259533,0.704018,0.036449,HG01359,HG01360,2,0.253179888332537,0.703969602622405,0.0428505090450585,0.17,0.788,0.041,0.413,0.537,0.049,0.939,0.061,0.955,0.045,0.963551,1,0.249211,0.719559,0.031231,0.96877,0.245840048592656,0.712652088783444,0.0415078626239002,2,0.234091,0.70774,0.058169,0.941831,0.219803158101693,0.716243243397081,0.0639535985012266,0.939,0.955,0.045,0.061
CLM,HG01367,0.259595,0.605263,0.135142,HG01365,HG01366,2,0.264505084742929,0.587445309625957,0.148049605631114,0.029,0.761,0.21,0.505,0.412,0.084,0.749,0.251,0.95,0.05,0.864858,1,0.277768,0.586984,0.135248,0.864752,0.274789770936356,0.587053419895893,0.13815680916775,2,0.252648,0.647341,0.10001,0.899989,0.255493705961772,0.633138344752207,0.111367949286021,0.749,0.95,0.251,0.05
CLM,HG01376,0.262906,0.660515,0.076579,HG01374,HG01375,2,0.247604027837906,0.665204621526942,0.0871913506351525,0.125,0.79,0.084,0.492,0.411,0.096,0.878,0.122,0.932,0.068,0.923421,1,0.248341,0.751649,1e-05,0.99999,0.243041480573963,0.74044968138828,0.0165088380377562,2,0.301361,0.561835,0.136804,0.863196,0.284424956926247,0.574415454320425,0.141159588753328,0.932,0.878,0.122,0.068
CLM,HG01379,0.336138,0.576117,0.087746,HG01377,HG01378,2,0.323642333280628,0.581030727255313,0.0953269394640588,0.274,0.711,0.015,0.383,0.441,0.175,0.93,0.07,0.871,0.129,0.912255,1,0.309714,0.596066,0.09422,0.90578,0.306811876394742,0.593335451469787,0.0998526721354714,2,0.380073,0.589545,0.030382,0.969618,0.363467848916014,0.59002583038867,0.0465063206953158,0.871,0.93,0.129,0.07
CLM,HG01385,0.23152,0.736679,0.031801,HG01383,HG01384,2,0.235090536470116,0.721770100008138,0.0431393635217459,0.24,0.75,0.011,0.189,0.74,0.071,0.935,0.065,0.979,0.021,0.968199,1,0.231547,0.749415,0.019037,0.980962,0.226498684085608,0.739487686148058,0.0340136297663345,2,0.232643,0.721783,0.045574,0.954426,0.231530848725988,0.713435695219579,0.055033456054433,0.979,0.935,0.065,0.021
CLM,HG01391,0.224333,0.610574,0.165093,HG01389,HG01390,2,0.223060449215598,0.595675634074865,0.181263916709537,0.543,0.457,0,0.504,0.496,0,0.696,0.304,0.957,0.043,0.834907,1,0.138493,0.815428,0.04608,0.953921,0.149310493409699,0.800353684145682,0.050335822444619,2,0.283589,0.439552,0.276859,0.723141,0.263781488082749,0.460752978512259,0.275465533404992,0.957,0.696,0.304,0.043
CLM,HG01433,0.250736,0.68141,0.067854,HG01431,HG01432,1,0.252368956388189,0.669460293117766,0.0781707504940444,0.336,0.57,0.094,0.108,0.817,0.075,0.919,0.081,0.921,0.079,0.932146,1,0.275144,0.617507,0.107349,0.892651,0.267764013354473,0.613344713686185,0.118891272959342,2,0.239554,0.738634,0.021812,0.978188,0.238008380678382,0.730381699022777,0.0316099202988405,0.921,0.919,0.079,0.081
CLM,HG01439,0.064092,0.935898,1e-05,HG01437,HG01438,2,0.0745161831212623,0.914439041093459,0.0110447757852789,0.036,0.944,0.021,0.141,0.857,0.002,0.978,0.022,0.993,0.007,0.99999,1,0.114248,0.885742,1e-05,0.99999,0.123891722942768,0.860773567014477,0.0153347100427553,2,0.045067,0.954923,1e-05,0.99999,0.0475752221557214,0.939746626912579,0.0126781509316994,0.993,0.978,0.022,0.007
CLM,HG01457,0.408872,0.563775,0.027353,HG01455,HG01456,1,0.400565968314254,0.554839093326483,0.0445949383592629,0.566,0.388,0.046,0.204,0.758,0.038,0.967,0.033,0.939,0.061,0.972647,1,0.3931,0.5769,0.03,0.97,0.364970457620106,0.593077745405899,0.0419517969739949,2,0.389886,0.567491,0.042623,0.957377,0.3696388517773,0.571658060137623,0.0587030880850776,0.939,0.967,0.033,0.061
CLM,HG01463,0.36109,0.401411,0.2375,HG01461,HG01462,2,0.346111798366048,0.423769145555106,0.230119056078846,0.561,0.439,0,0.53,0.47,0,0.603,0.397,0.912,0.088,0.762501,1,0.379499,0.44163,0.178872,0.821129,0.373248943083655,0.44459541371242,0.182155643203925,2,0.328885,0.379768,0.291346,0.708653,0.313984691731477,0.398445788741496,0.287569519527027,0.912,0.603,0.088,0.397
CLM,HG01466,0.255193,0.642036,0.102772,HG01464,HG01465,2,0.245674936353836,0.635433992904162,0.118891070742001,0.24,0.61,0.15,0.192,0.715,0.093,0.864,0.136,0.896,0.104,0.897229,1,0.310971,0.505961,0.183068,0.816932,0.3275173814598,0.491403118705198,0.181079499835003,2,0.1813,0.81869,1e-05,0.99999,0.174179203338384,0.812166187677632,0.0136546089839841,0.896,0.864,0.104,0.136
CLM,HG01490,0.106582,0.822468,0.070951,HG01488,HG01489,2,0.104475733294655,0.815366883747314,0.0801573829580308,0.118,0.761,0.121,0.096,0.845,0.059,0.86,0.14,0.98,0.02,0.92905,1,0.139588,0.711621,0.14879,0.851209,0.139007889264611,0.705196435469934,0.155795675265455,2,0.123666,0.876324,1e-05,0.99999,0.123174527814285,0.862381255396382,0.0144442167893331,0.98,0.86,0.02,0.14
CLM,HG01493,0.153858,0.846132,1e-05,HG01491,HG01492,2,0.145891614797788,0.834206244773955,0.0199021404282573,0.134,0.844,0.022,0.217,0.768,0.015,0.964,0.036,0.976,0.024,0.99999,1,0.152895,0.847095,1e-05,0.99999,0.153300253291602,0.836583125554185,0.0101166211542126,2,0.200738,0.798669,0.000594,0.999407,0.203833783416681,0.772954042450885,0.0232121741324338,0.964,0.976,0.036,0.024
CLM,HG01496,0.40708,0.47709,0.11583,HG01494,HG01495,2,0.403864426499738,0.470667933083143,0.125467640417119,0.548,0.452,0,0.512,0.488,0,0.829,0.171,0.9,0.1,0.88417,1,0.40852,0.493934,0.097545,0.902454,0.4056497215176,0.494148336947572,0.100201941534828,2,0.388007,0.499638,0.112355,0.887645,0.384337766113552,0.496018373135775,0.119643860750673,0.9,0.829,0.1,0.171
CLM,HG01499,0.357608,0.605752,0.03664,HG01497,HG01498,1,0.344363497194996,0.605220751998356,0.0504157508066482,0.186,0.74,0.074,0.501,0.487,0.012,0.917,0.083,0.993,0.007,0.96336,1,0.36456,0.599198,0.036242,0.963758,0.360139505998103,0.596091525543611,0.0437689684582859,2,0.343606,0.616389,0.040005,0.959995,0.334336404920277,0.615668418960147,0.0499951761195766,0.993,0.917,0.007,0.083
CLM,HG01552,0.198719,0.582758,0.218523,HG01550,HG01551,1,0.20116885667311,0.582486115718221,0.216345027608669,0.575,0.425,0,0.503,0.497,0,0.59,0.41,0.969,0.031,0.781477,1,0.22324,0.730427,0.046333,0.953667,0.21366475940445,0.733857382728614,0.0524778578669366,2,0.229568,0.392758,0.377674,0.622326,0.234476140734115,0.386024336881171,0.379499522384714,0.969,0.59,0.41,0.031
MXL,NA19650,0.130982,0.869008,1e-05,NA19649,NA19648,1,0.141292432907629,0.834782287748375,0.0239252793439958,0.055,0.933,0.012,0.217,0.745,0.038,0.975,0.025,0.977,0.023,0.99999,1,0.231714,0.755744,0.012542,0.987458,0.245546085635999,0.721679147418881,0.03277476694512,2,0.061211,0.938779,1e-05,0.99999,0.0546796401470648,0.934401770714436,0.0109185891384996,0.977,0.975,0.025,0.023
MXL,NA19653,0.289683,0.688734,0.021583,NA19652,NA19651,2,0.287420243433706,0.678026420287983,0.0345533362783109,0.385,0.595,0.019,0.139,0.777,0.085,0.935,0.065,0.981,0.019,0.978417,1,0.270515,0.700902,0.028583,0.971417,0.273245904910517,0.689882049872,0.0368720452174835,2,0.264998,0.688161,0.046842,0.953159,0.249831712094491,0.692289430403066,0.0578788575024427,0.981,0.935,0.019,0.065
MXL,NA19656,0.449646,0.504245,0.046109,NA19655,NA19654,2,0.447986117004864,0.495641751170956,0.05637213182418,0.679,0.297,0.025,0.221,0.717,0.061,0.959,0.041,0.929,0.071,0.953891,1,0.321887,0.642354,0.035758,0.964241,0.317470266820213,0.637809766117232,0.0447199670625547,2,0.543845,0.400316,0.055839,0.944161,0.5362031855517,0.400335124759192,0.0634616896891085,0.959,0.929,0.041,0.071
MXL,NA19659,0.471228,0.498845,0.029928,NA19658,NA19657,2,0.450423867340765,0.506451801041839,0.0431243316173963,0.723,0.253,0.024,0.306,0.631,0.063,0.914,0.086,0.993,0.007,0.970073,1,0.330676,0.658072,0.011252,0.988748,0.303102855060637,0.675135480954499,0.0217616639848636,2,0.58629,0.370109,0.043601,0.956399,0.577956577231011,0.365158966903676,0.0568844558653128,0.914,0.993,0.086,0.007
MXL,NA19662,0.458743,0.524474,0.016783,NA19661,NA19660,2,0.439031886517485,0.523272861051667,0.0376952524308472,0.261,0.675,0.064,0.608,0.371,0.02,0.941,0.059,0.982,0.018,0.983217,1,0.478265,0.491899,0.029836,0.970164,0.468241901384547,0.481344597832737,0.0504135007827157,2,0.47957,0.498753,0.021676,0.978323,0.454548763766859,0.510447569769301,0.0350036664638403,0.941,0.982,0.018,0.059
MXL,NA19665,0.588069,0.351749,0.060181,NA19664,NA19663,2,0.573860842823962,0.3528395625291,0.0732995946469384,0.703,0.231,0.066,0.348,0.55,0.102,0.879,0.121,0.969,0.031,0.939818,1,0.515209,0.436161,0.04863,0.95137,0.495634278207766,0.448964416374203,0.0554013054180307,2,0.601686,0.343753,0.054561,0.945439,0.591595934470491,0.343930092565287,0.0644739729642222,0.879,0.969,0.031,0.121
MXL,NA19671,0.426146,0.542486,0.031368,NA19670,NA19669,2,0.409962554218795,0.547140427281795,0.0428970184994105,0.22,0.689,0.09,0.627,0.345,0.028,0.97,0.03,0.933,0.067,0.968632,1,0.472855,0.484636,0.042509,0.957491,0.457736897262254,0.491474688335122,0.0507884144026236,2,0.331234,0.655011,0.013754,0.986245,0.320538376313492,0.65309206466501,0.0263695590214978,0.97,0.933,0.03,0.067
MXL,NA19675,0.109852,0.869638,0.02051,NA19679,NA19678,2,0.118724304984803,0.835094187881581,0.0461815071336161,0.527,0.473,0,0.519,0.481,0,0.974,0.026,0.935,0.065,0.97949,1,0.036458,0.963532,1e-05,0.99999,0.0380732810166408,0.937756192014952,0.0241705269684073,2,0.203309,0.743782,0.052909,0.947091,0.206414057816014,0.722147576768442,0.071438365415544,0.974,0.935,0.026,0.065
MXL,NA19677,0.20669,0.782527,0.010783,NA19676,NA19675,2,0.212319491456198,0.750106986857908,0.0375735216858937,0.138,0.814,0.048,0.273,0.718,0.009,0.91,0.09,0.991,0.009,0.989217,1,0.303352,0.678238,0.01841,0.98159,0.301396007554401,0.66734706352004,0.031256928925559,2,0.109852,0.869638,0.02051,0.97949,0.118724304984803,0.835094187881581,0.0461815071336161,0.91,0.991,0.09,0.009
MXL,NA19680,0.128729,0.846305,0.024966,NA19679,NA19678,2,0.141691913798342,0.810624227585831,0.0476838586158272,0.209,0.738,0.053,0.03,0.935,0.034,0.978,0.022,0.938,0.062,0.975034,1,0.036458,0.963532,1e-05,0.99999,0.0380732810166408,0.937756192014952,0.0241705269684073,2,0.203309,0.743782,0.052909,0.947091,0.206414057816014,0.722147576768442,0.071438365415544,0.938,0.978,0.022,0.062
MXL,NA19683,0.516044,0.452699,0.031257,NA19682,NA19681,2,0.494935149845819,0.462025957499358,0.0430388926548229,0.279,0.635,0.085,0.655,0.33,0.015,0.927,0.073,0.983,0.017,0.968743,1,0.494128,0.499191,0.006681,0.993319,0.474371512171861,0.504870757642712,0.0207577301854266,2,0.570383,0.383118,0.046499,0.953501,0.557194230936359,0.387076827763543,0.0557289413000983,0.927,0.983,0.017,0.073
MXL,NA19685,0.446956,0.528805,0.024238,NA19661,NA19660,1,0.432436256611943,0.519714347093759,0.0478493962942986,0.375,0.602,0.024,0.382,0.583,0.035,0.952,0.048,0.942,0.058,0.975761,1,0.478265,0.491899,0.029836,0.970164,0.468241901384547,0.481344597832737,0.0504135007827157,2,0.47957,0.498753,0.021676,0.978323,0.454548763766859,0.510447569769301,0.0350036664638403,0.952,0.942,0.048,0.058
MXL,NA19686,0.383079,0.614957,0.001964,NA19685,NA19684,2,0.368309147621967,0.605047727650063,0.0266431247279705,0.256,0.707,0.038,0.488,0.497,0.015,0.937,0.063,0.892,0.108,0.998036,1,0.446956,0.528805,0.024238,0.975761,0.432436256611943,0.519714347093759,0.0478493962942986,2,0.297968,0.702022,1e-05,0.99999,0.276309284369307,0.709054743043828,0.0146359725868647,0.937,0.892,0.108,0.063
MXL,NA19718,0.589898,0.377198,0.032904,NA19717,NA19716,2,0.557178738702746,0.395882550619098,0.0469387106781563,0.386,0.545,0.068,0.76,0.201,0.04,0.926,0.074,0.98,0.02,0.967096,1,0.590858,0.377944,0.031198,0.968802,0.569079967407065,0.388587754435857,0.0423322781570783,2,0.547742,0.407039,0.045219,0.954781,0.530480219952029,0.41613791044917,0.0533818695988006,0.926,0.98,0.074,0.02
MXL,NA19721,0.517112,0.445914,0.036974,NA19720,NA19719,2,0.496572612417045,0.460962991189107,0.0424643963938479,0.536,0.464,0,0.536,0.464,0,0.91,0.09,0.986,0.014,0.963026,1,0.652168,0.301823,0.046009,0.953991,0.638540123529703,0.307849830057615,0.053610046412682,2,0.412701,0.534829,0.05247,0.94753,0.399752428727455,0.544044512548144,0.0562030587244014,0.91,0.986,0.09,0.014
MXL,NA19724,0.430022,0.521491,0.048487,NA19723,NA19722,1,0.420754214594235,0.520851405766464,0.058394379639301,0.291,0.632,0.077,0.47,0.453,0.077,0.9,0.1,0.967,0.033,0.951513,1,0.478196,0.439381,0.082424,0.917577,0.459809072111591,0.452014060362528,0.0881768675258807,2,0.470913,0.486376,0.042711,0.957289,0.468050176382438,0.482883083026027,0.0490667405915352,0.967,0.9,0.033,0.1
MXL,NA19727,0.47705,0.512867,0.010084,NA19726,NA19725,1,0.454179785653122,0.520987491450496,0.0248327228963815,0.222,0.724,0.053,0.71,0.284,0.005,0.979,0.021,0.96,0.04,0.989917,1,0.620984,0.379006,1e-05,0.99999,0.599802337640434,0.384411129710344,0.0157865326492222,2,0.340053,0.636344,0.023603,0.976397,0.331089295520682,0.638037438633819,0.0308732658454984,0.979,0.96,0.021,0.04
MXL,NA19730,0.964031,0.035959,1e-05,NA19729,NA19728,2,0.892559098477101,0.0967710584044081,0.0106698431184911,0.899,0.098,0.003,0.875,0.097,0.028,0.479,0.521,1,0,0.99999,1,0.927376,0.072614,1e-05,0.99999,0.876015828486873,0.111513315250726,0.0124708562624004,2,0.959578,0.040412,1e-05,0.99999,0.909083038376438,0.0831781808919073,0.00773878073165461,1,0.479,0.521,0
MXL,NA19733,0.999973,1.7e-05,1e-05,NA19732,NA19731,2,0.926614265038092,0.0667250136796827,0.00666072128222575,0.877,0.112,0.011,0.96,0.039,0.002,0.988,0.012,0.988,0.012,0.99999,1,0.99998,1e-05,1e-05,0.99999,0.928385951505351,0.0639801582180658,0.00763389027658324,2,0.99998,1e-05,1e-05,0.99999,0.933155512719625,0.0589044924622938,0.00793999481808096,0.988,0.988,0.012,0.012
MXL,NA19748,0.637406,0.345064,0.01753,NA19747,NA19746,2,0.620817723869439,0.34193767269797,0.0372446034325912,0.542,0.458,0,0.551,0.449,0,0.938,0.062,0.987,0.013,0.98247,1,0.530909,0.450727,0.018364,0.981636,0.519983982912703,0.449707310549769,0.0303087065375284,2,0.687384,0.289093,0.023523,0.976477,0.660327988188821,0.300438729354067,0.0392332824571118,0.987,0.938,0.062,0.013
MXL,NA19751,0.324393,0.647076,0.028531,NA19750,NA19749,1,0.320950558624905,0.640389897219946,0.0386595441551482,0.17,0.79,0.04,0.533,0.421,0.046,0.967,0.033,0.95,0.05,0.971469,1,0.289456,0.685776,0.024768,0.975232,0.292242750879659,0.672082380046493,0.0356748690738487,2,0.374497,0.586207,0.039296,0.960704,0.351880353829593,0.604776428522287,0.0433432176481202,0.95,0.967,0.033,0.05
MXL,NA19757,0.604096,0.339082,0.056822,NA19756,NA19755,1,0.59891435626104,0.337433154156475,0.0636524895824853,0.492,0.431,0.076,0.704,0.223,0.072,0.857,0.143,0.986,0.014,0.943178,1,0.485875,0.457901,0.056224,0.943776,0.470194373892626,0.467828150820693,0.0619774752866806,2,0.680928,0.275771,0.043301,0.956699,0.678078285475725,0.271188811451815,0.0507329030724594,0.857,0.986,0.014,0.143
MXL,NA19760,0.778849,0.221141,1e-05,NA19759,NA19758,2,0.73530965586962,0.232084651531097,0.0326056925992838,0.603,0.382,0.015,0.842,0.115,0.043,0.966,0.034,0.985,0.015,0.99999,1,0.758886,0.234831,0.006283,0.993717,0.716123111165965,0.247164749826895,0.0367121390071393,2,0.774114,0.225876,1e-05,0.99999,0.745141840177203,0.233793703669168,0.0210644561536291,0.985,0.966,0.015,0.034
MXL,NA19763,0.6047,0.351885,0.043415,NA19762,NA19761,2,0.603104804927105,0.34595602550663,0.0509391695662652,0.555,0.445,0,0.526,0.474,0,0.907,0.093,0.984,0.016,0.956585,1,0.613434,0.330618,0.055948,0.944052,0.603181281709699,0.337720220006543,0.0590984982837579,2,0.561008,0.392737,0.046255,0.953745,0.544761274938637,0.402732424862626,0.0525063001987371,0.984,0.907,0.016,0.093
MXL,NA19772,0.427884,0.530039,0.042077,NA19771,NA19770,1,0.420378768373726,0.530748801428272,0.0488724301980024,0.622,0.348,0.029,0.271,0.637,0.092,0.954,0.046,0.922,0.078,0.957923,1,0.50602,0.453913,0.040067,0.959933,0.48515618661461,0.468285793405995,0.0465580199793951,2,0.404978,0.549564,0.045458,0.954542,0.39683339969646,0.550284820062731,0.052881780240809,0.922,0.954,0.046,0.078
MXL,NA19775,0.430815,0.539453,0.029732,NA19774,NA19773,2,0.4233640988813,0.536835355764734,0.0398005453539652,0.227,0.702,0.072,0.603,0.372,0.024,0.965,0.035,0.948,0.052,0.970268,1,0.470182,0.477868,0.05195,0.94805,0.465714123568122,0.477895899639408,0.0563899767924699,2,0.381191,0.599024,0.019785,0.980215,0.357836304423242,0.610145538874772,0.0320181567019854,0.965,0.948,0.035,0.052
MXL,NA19778,0.411588,0.490422,0.09799,NA19777,NA19776,1,0.405991909749865,0.490913419331137,0.103094670918997,0.565,0.435,0,0.518,0.482,0,0.825,0.175,0.967,0.033,0.90201,1,0.442011,0.478578,0.079411,0.920589,0.427653800838046,0.483260213204322,0.089085985957632,2,0.446499,0.459173,0.094328,0.905672,0.437085596234974,0.460201068824596,0.10271333494043,0.825,0.967,0.033,0.175
MXL,NA19781,0.341582,0.627282,0.031136,NA19780,NA19779,2,0.329747631704912,0.619902108315574,0.0503502599795137,0.209,0.683,0.108,0.537,0.453,0.01,0.954,0.046,0.964,0.036,0.968864,1,0.370039,0.607415,0.022546,0.977454,0.353116643719959,0.609885254183772,0.0369981020962685,2,0.310974,0.660909,0.028117,0.971883,0.298153083662143,0.668956727615206,0.0328901887226513,0.964,0.954,0.036,0.046
MXL,NA19784,0.579625,0.378226,0.042149,NA19783,NA19782,1,0.554355708260091,0.393401385679802,0.0522429060601067,0.326,0.593,0.081,0.768,0.199,0.033,0.933,0.067,0.969,0.031,0.957851,1,0.742007,0.257983,1e-05,0.99999,0.705780147394596,0.274706680258254,0.0195131723471495,2,0.454036,0.482293,0.063671,0.936329,0.448442512286551,0.483505778751419,0.0680517089620303,0.969,0.933,0.067,0.031
MXL,NA19787,0.616992,0.336599,0.04641,NA19786,NA19785,1,0.596171441089048,0.350051610030757,0.0537769488801953,0.412,0.516,0.071,0.746,0.166,0.089,0.914,0.086,0.972,0.028,0.953591,1,0.567587,0.400088,0.032325,0.967675,0.552341259341215,0.403275185461676,0.0443835551971093,2,0.692529,0.261842,0.045628,0.954371,0.68171349748045,0.269109120027275,0.0491773824922758,0.914,0.972,0.028,0.086
MXL,NA19790,0.534197,0.420936,0.044867,NA19789,NA19788,2,0.535211061885793,0.412642559148853,0.0521463789653534,0.62,0.368,0.012,0.367,0.633,0,0.882,0.118,0.978,0.022,0.955133,1,0.436222,0.500185,0.063594,0.936407,0.417406791864995,0.508235310637229,0.0743578974977759,2,0.639703,0.322062,0.038235,0.961765,0.634998233937702,0.319822189067566,0.0451795769947317,0.882,0.978,0.118,0.022
MXL,NA19796,0.415445,0.553163,0.031392,NA19795,NA19794,1,0.417324928731596,0.540866144583835,0.0418089266845694,0.304,0.664,0.032,0.446,0.48,0.073,0.897,0.103,0.989,0.011,0.968608,1,0.482247,0.460489,0.057263,0.942736,0.471119513064403,0.461754851332495,0.0671256356031016,2,0.307767,0.668502,0.023732,0.976269,0.309097540599521,0.660101548379175,0.030800911021304,0.989,0.897,0.011,0.103
PEL,HG01567,0.605627,0.394363,1e-05,HG01565,HG01566,2,0.577938527731274,0.409084628345882,0.0129768439228448,0.352,0.635,0.012,0.781,0.204,0.016,0.99,0.01,0.975,0.025,0.99999,1,0.701535,0.298455,1e-05,0.99999,0.662634732661334,0.328980433176687,0.00838483416197893,2,0.495085,0.504905,1e-05,0.99999,0.452692580356539,0.531957570535406,0.0153498491080548,0.975,0.99,0.01,0.025
PEL,HG01573,0.813608,0.186382,1e-05,HG01571,HG01572,2,0.770336744833386,0.222693077270053,0.00697017789656151,0.622,0.365,0.013,0.903,0.097,0,0.948,0.052,0.98,0.02,0.99999,1,0.67331,0.32668,1e-05,0.99999,0.649509873655417,0.343054700817429,0.00743542552715351,2,0.98056,0.01943,1e-05,0.99999,0.924606239367916,0.0741384420187481,0.00125531861333594,0.98,0.948,0.02,0.052
PEL,HG01579,0.525799,0.449755,0.024446,HG01577,HG01578,1,0.501716668753896,0.456634189548279,0.0416491416978247,0.297,0.686,0.016,0.687,0.252,0.061,0.965,0.035,0.962,0.038,0.975554,1,0.441809,0.50433,0.053861,0.946139,0.421269127586956,0.514771038639799,0.0639598337732446,2,0.623675,0.376315,1e-05,0.99999,0.588408640639881,0.39781286662173,0.0137784927383888,0.965,0.962,0.035,0.038
PEL,HG01898,0.627854,0.279853,0.092293,HG01892,HG01893,2,0.590975672829534,0.304082273745678,0.104942053424788,0.811,0.097,0.092,0.42,0.438,0.143,0.872,0.128,0.937,0.063,0.907707,1,0.725162,0.218928,0.05591,0.94409,0.685669597965567,0.247660466590909,0.0666699354435238,2,0.568605,0.314441,0.116954,0.883046,0.547620471667875,0.321841532678537,0.130537995653589,0.937,0.872,0.128,0.063
PEL,HG01919,0.827379,0.172611,1e-05,HG01917,HG01918,2,0.763751494231281,0.224620905251759,0.0116276005169604,0.671,0.31,0.018,0.855,0.138,0.007,0.976,0.024,0.991,0.009,0.99999,1,0.872455,0.127535,1e-05,0.99999,0.821703400611978,0.165279293662177,0.0130173057258454,2,0.785248,0.214742,1e-05,0.99999,0.744135864801462,0.24936446240542,0.00649967279311775,0.976,0.991,0.024,0.009
PEL,HG01922,0.884994,0.114996,1e-05,HG01920,HG01921,2,0.834437076224458,0.162870886913707,0.00269203686183449,0.772,0.225,0.002,0.844,0.154,0.001,0.994,0.006,0.998,0.002,0.99999,1,0.99998,1e-05,1e-05,0.99999,0.94799757610618,0.0510082120134551,0.000994211880364752,2,0.783076,0.216914,1e-05,0.99999,0.743024484348878,0.252923271144946,0.00405224450617602,0.998,0.994,0.002,0.006
PEL,HG01925,0.882854,0.061607,0.055539,HG01923,HG01924,2,0.816836907156236,0.117483291290236,0.0656798015535285,0.777,0.148,0.075,0.889,0.062,0.049,0.954,0.046,0.907,0.093,0.944461,1,0.976077,0.023913,1e-05,0.99999,0.907518106323522,0.0878675688048383,0.00461432487163937,2,0.736058,0.1438,0.120142,0.879858,0.6938550166362,0.18236310448892,0.12378187887488,0.907,0.954,0.046,0.093
PEL,HG01928,0.999971,1.9e-05,1e-05,HG01926,HG01927,1,0.944207561208843,0.0531690312194281,0.00262340757172899,0.898,0.095,0.007,0.971,0.029,0,0.984,0.016,0.996,0.004,0.99999,1,0.999974,1.6e-05,1e-05,0.99999,0.958919709032373,0.0383006186997612,0.00277967226786533,2,0.987874,0.012116,1e-05,0.99999,0.914956120802264,0.0820741112370221,0.00296976796071386,0.996,0.984,0.004,0.016
PEL,HG01934,0.747121,0.223584,0.029296,HG01932,HG01933,1,0.706877426569817,0.255163476321894,0.0379590971082888,0.713,0.252,0.034,0.74,0.226,0.034,0.887,0.113,0.96,0.04,0.970705,1,0.818398,0.181592,1e-05,0.99999,0.764950117937781,0.231583622467698,0.00346625959452037,2,0.676316,0.235315,0.088369,0.911631,0.656868719333215,0.253046494488845,0.0900847861779401,0.96,0.887,0.113,0.04
PEL,HG01937,0.704939,0.295051,1e-05,HG01935,HG01936,1,0.664087080387786,0.310103892640661,0.0258090269715538,0.47,0.468,0.062,0.86,0.136,0.003,0.984,0.016,0.96,0.04,0.99999,1,0.746614,0.253376,1e-05,0.99999,0.71211453314482,0.280449852105286,0.00743561474989404,2,0.676492,0.301942,0.021567,0.978434,0.635744024841073,0.325303200194941,0.038952774963986,0.96,0.984,0.04,0.016
PEL,HG01940,0.912177,0.087813,1e-05,HG01938,HG01939,2,0.833085807975043,0.151897711375768,0.0150164806491897,0.679,0.296,0.025,0.922,0.059,0.019,0.98,0.02,0.971,0.029,0.99999,1,0.99998,1e-05,1e-05,0.99999,0.954540569158336,0.0428085286539117,0.00265090218775281,2,0.792363,0.207627,1e-05,0.99999,0.720467225964135,0.263273858296452,0.0162589157394134,0.971,0.98,0.02,0.029
PEL,HG01943,0.899378,0.100612,1e-05,HG01941,HG01942,1,0.843601193358864,0.138660214818927,0.0177385918222086,0.84,0.123,0.037,0.782,0.211,0.006,0.988,0.012,0.96,0.04,0.99999,1,0.833116,0.112701,0.054183,0.945817,0.783857737285391,0.145426526840572,0.0707157358740368,2,0.865047,0.134943,1e-05,0.99999,0.822591251511345,0.170877906455776,0.00653084203287879,0.96,0.988,0.04,0.012
PEL,HG01946,0.785064,0.214926,1e-05,HG01944,HG01945,1,0.743078934750037,0.249544682558101,0.00737638269186293,0.522,0.47,0.009,0.893,0.1,0.007,0.974,0.026,0.996,0.004,0.99999,1,0.75388,0.239662,0.006458,0.993542,0.704713601516999,0.284824422330244,0.0104619761527568,2,0.811176,0.188814,1e-05,0.99999,0.766842342316895,0.221340149093962,0.0118175085891424,0.974,0.996,0.026,0.004
PEL,HG01949,0.666757,0.238188,0.095055,HG01947,HG01948,2,0.627468783577379,0.277376354303112,0.0951548621195089,0.528,0.472,0,0.529,0.471,0,0.897,0.103,0.88,0.12,0.904945,1,0.636119,0.339318,0.024563,0.975437,0.599926732812462,0.3628221139424,0.0372511532451384,2,0.687657,0.136248,0.176095,0.823905,0.660467080787749,0.169709010656459,0.169823908555792,0.88,0.897,0.12,0.103
PEL,HG01952,0.994064,0.003474,0.002462,HG01950,HG01951,1,0.885543456746486,0.0811293215595543,0.0333272216939595,0.887,0.08,0.033,0.838,0.114,0.048,0.964,0.036,0.967,0.033,0.997538,1,0.896713,0.050537,0.052751,0.94725,0.826884335268302,0.110401141237487,0.0627145234942109,2,0.99998,1e-05,1e-05,0.99999,0.929279063971759,0.0469462363317793,0.0237746996964617,0.967,0.964,0.033,0.036
PEL,HG01955,0.949834,0.050156,1e-05,HG01953,HG01954,2,0.859566620533534,0.129238942912098,0.0111944365543684,0.898,0.086,0.016,0.862,0.133,0.004,0.986,0.014,0.97,0.03,0.99999,1,0.918734,0.081256,1e-05,0.99999,0.840672171302274,0.14145770624389,0.0178701224538357,2,0.932545,0.067445,1e-05,0.99999,0.874938911316208,0.115977524542268,0.0090835641415241,0.97,0.986,0.014,0.03
PEL,HG01969,0.811595,0.188395,1e-05,HG01967,HG01968,2,0.766567508123829,0.226325163984414,0.00710732789175678,0.604,0.386,0.01,0.929,0.064,0.007,0.992,0.008,0.98,0.02,0.99999,1,0.648655,0.351335,1e-05,0.99999,0.618926925158179,0.371733115310951,0.00933995953087018,2,0.99998,1e-05,1e-05,0.99999,0.930192593803281,0.0645464833676031,0.00526092282911635,0.98,0.992,0.02,0.008
PEL,HG01972,0.615249,0.277643,0.107108,HG01970,HG01971,2,0.582633531091592,0.307334907096434,0.110031561811975,0.521,0.479,0,0.526,0.474,0,0.795,0.205,0.972,0.028,0.892892,1,0.68252,0.31747,1e-05,0.99999,0.655777122536473,0.339686157590597,0.00453671987293038,2,0.583301,0.255867,0.160832,0.839168,0.569437758950074,0.273376725467344,0.157185515582581,0.795,0.972,0.028,0.205
PEL,HG01975,0.950924,0.049066,1e-05,HG01974,HG01973,2,0.870995174392185,0.0972237989992785,0.0317810266085367,0.92,0.044,0.037,0.76,0.215,0.025,0.96,0.04,0.938,0.062,0.99999,1,0.99998,1e-05,1e-05,0.99999,0.929875501882257,0.0615181407332238,0.00860635738451938,2,0.835563,0.150151,0.014286,0.985714,0.78181358662654,0.180024406828434,0.0381620065450263,0.96,0.938,0.04,0.062
PEL,HG01978,0.781288,0.218702,1e-05,HG01977,HG01976,2,0.746131509109721,0.24667592518524,0.00719256570503867,0.582,0.412,0.005,0.89,0.104,0.006,0.972,0.028,0.997,0.003,0.99999,1,0.80786,0.19213,1e-05,0.99999,0.766375827445767,0.224619870133945,0.00900430242028823,2,0.69774,0.30225,1e-05,0.99999,0.660592573914493,0.327721451510148,0.011685974575359,0.997,0.972,0.003,0.028
PEL,HG01981,0.729347,0.270643,1e-05,HG01979,HG01980,2,0.685428564863832,0.292489015465045,0.022082419671123,0.583,0.417,0,0.488,0.512,0,0.937,0.063,0.982,0.018,0.99999,1,0.712616,0.287374,1e-05,0.99999,0.687367908197451,0.29905162110714,0.0135804706954085,2,0.749602,0.240736,0.009662,0.990338,0.715578138280726,0.254453986635339,0.0299678750839346,0.937,0.982,0.018,0.063
PEL,HG01984,0.749567,0.250423,1e-05,HG01982,HG01983,1,0.705352999931917,0.288209315078289,0.006437684989794,0.595,0.391,0.013,0.861,0.139,0.001,0.796,0.204,1,0,0.99999,1,0.781818,0.218172,1e-05,0.99999,0.749780676425065,0.242075170236419,0.0081441533385158,2,0.709343,0.290647,1e-05,0.99999,0.667851040933627,0.326891021435148,0.0052579376312249,1,0.796,0.204,0
PEL,HG01993,0.854508,0.145482,1e-05,HG01991,HG01992,2,0.80263146703641,0.188386168098636,0.00898236486495464,0.612,0.372,0.015,0.958,0.041,0.001,0.982,0.018,0.988,0.012,0.99999,1,0.765858,0.232176,0.001965,0.998034,0.728126927967006,0.249321467723422,0.0225516043095722,2,0.92736,0.07263,1e-05,0.99999,0.877276093414688,0.119694987738317,0.00302891884699551,0.982,0.988,0.012,0.018
PEL,HG01998,0.90646,0.09353,1e-05,HG02008,HG01997,1,0.850586417222425,0.14072050583933,0.00869307693824541,0.884,0.112,0.004,0.788,0.192,0.02,0.948,0.052,0.967,0.033,0.99999,1,0.861048,0.138942,1e-05,0.99999,0.819155713643914,0.166641155714938,0.0142031306411473,2,0.908188,0.091802,1e-05,0.99999,0.853790896144844,0.140460693226136,0.00574841062902021,0.967,0.948,0.052,0.033
PEL,HG02004,0.840549,0.159441,1e-05,HG02002,HG02003,2,0.777658383410523,0.215895600458853,0.00644601613062379,0.851,0.149,0,0.734,0.245,0.02,0.932,0.068,0.998,0.002,0.99999,1,0.794099,0.205891,1e-05,0.99999,0.745702525314218,0.24657296344926,0.00772451123652197,2,0.825801,0.174189,1e-05,0.99999,0.77717147840954,0.215534937287198,0.00729358430326228,0.998,0.932,0.068,0.002
PEL,HG02091,0.597718,0.329265,0.073018,HG02090,HG02089,2,0.578304126714922,0.341812455483971,0.0798834178011068,0.478,0.464,0.059,0.627,0.229,0.144,0.957,0.043,0.884,0.116,0.926983,1,0.564228,0.31833,0.117442,0.882558,0.54541273430067,0.334922358858502,0.119664906840828,2,0.673904,0.317354,0.008742,0.991258,0.649833845060216,0.326329953402446,0.023836201537338,0.957,0.884,0.116,0.043
PEL,HG02106,0.99998,1e-05,1e-05,HG02104,HG02105,2,0.896020578550847,0.0993627858527774,0.00461663559637574,0.898,0.102,0,0.886,0.108,0.006,0.964,0.036,0.997,0.003,0.99999,1,0.925968,0.074022,1e-05,0.99999,0.854068028068046,0.140240446144543,0.00569152578741108,2,0.998805,0.001185,1e-05,0.99999,0.917615420349905,0.0785395769447755,0.00384500270531912,0.997,0.964,0.036,0.003
PEL,HG02148,0.938397,0.061593,1e-05,HG02146,HG02147,2,0.855172047346604,0.142158497558652,0.00266945509474364,0.753,0.246,0.001,0.932,0.06,0.009,0.942,0.058,1,0,0.99999,1,0.919448,0.080542,1e-05,0.99999,0.85297381081226,0.14330020669617,0.00372598249156978,2,0.944721,0.055269,1e-05,0.99999,0.887746357274268,0.106570939915869,0.0056827028098625,0.942,1,0,0.058
PEL,HG02261,0.945221,0.054769,1e-05,HG02259,HG02260,1,0.868958485303996,0.119451373161338,0.0115901415346653,0.926,0.054,0.02,0.822,0.176,0.002,0.989,0.011,0.986,0.014,0.99999,1,0.999971,1.9e-05,1e-05,0.99999,0.94586126525029,0.0479965946756462,0.00614214007406364,2,0.846945,0.153045,1e-05,0.99999,0.792069369802887,0.20021617571313,0.00771445448398319,0.986,0.989,0.011,0.014
PEL,HG02273,0.999971,1.9e-05,1e-05,HG02271,HG02272,2,0.971487780569315,0.0277660682386717,0.000746151192012908,0.945,0.054,0.001,0.987,0.013,0,0.995,0.005,1,0,0.99999,1,0.99998,1e-05,1e-05,0.99999,0.937507530904865,0.0490007751944796,0.0134916939006549,2,0.999976,1.4e-05,1e-05,0.99999,0.980297340748123,0.0193264002458234,0.000376259006053665,1,0.995,0,0.005
PEL,HG02279,0.837253,0.162737,1e-05,HG02277,HG02278,1,0.780844818173451,0.20626197293095,0.0128932088955984,0.787,0.187,0.026,0.73,0.269,0.001,0.982,0.018,0.989,0.011,0.99999,1,0.708936,0.291054,1e-05,0.99999,0.677858668187223,0.318728817172829,0.00341251463994804,2,0.929992,0.069998,1e-05,0.99999,0.879915444114858,0.104900810699715,0.0151837451854276,0.982,0.989,0.011,0.018
PEL,HG02287,0.798802,0.201188,1e-05,HG02285,HG02286,2,0.758989798666335,0.229441014036912,0.0115691872967528,0.58,0.4,0.02,0.891,0.101,0.008,0.991,0.009,0.926,0.074,0.99999,1,0.814629,0.185361,1e-05,0.99999,0.780376901487571,0.205032026007577,0.0145910725048524,2,0.76718,0.23281,1e-05,0.99999,0.731735975433145,0.257086378460066,0.0111776461067886,0.926,0.991,0.074,0.009
PEL,HG02293,0.956662,0.043328,1e-05,HG02291,HG02292,2,0.877912686064002,0.11849446094591,0.00359285299008806,0.798,0.195,0.007,0.962,0.035,0.003,0.99,0.009,0.987,0.013,0.99999,1,0.99998,1e-05,1e-05,0.99999,0.937331442145021,0.0608070874224427,0.0018614704325359,2,0.886428,0.113562,1e-05,0.99999,0.831468453212631,0.166599462985079,0.00193208380228947,0.99,0.987,0.013,0.009
PEL,HG02300,0.736719,0.263271,1e-05,HG02299,HG02298,2,0.703728455595407,0.293057934550401,0.00321360985419228,0.502,0.488,0.011,0.88,0.12,0,0.988,0.012,0.989,0.011,0.99999,1,0.874497,0.125493,1e-05,0.99999,0.819873580575428,0.178324255457504,0.00180216396706778,2,0.631672,0.368318,1e-05,0.99999,0.604616553463382,0.380171841284286,0.0152116052523323,0.989,0.988,0.011,0.012
PEL,HG02303,0.735863,0.264127,1e-05,HG02302,HG02301,2,0.681431713134344,0.30041956320875,0.0181487236569067,0.549,0.444,0.007,0.803,0.178,0.019,0.899,0.101,0.999,0.001,0.99999,1,0.641165,0.358825,1e-05,0.99999,0.591861588601514,0.387328284136748,0.0208101272617381,2,0.834608,0.165382,1e-05,0.99999,0.786005133603338,0.205904182812007,0.00809068358465548,0.999,0.899,0.101,0.001
PUR,HG00552,0.083077,0.852649,0.064274,HG01075,HG00551,1,0.090969380772893,0.835958969983361,0.0730716492437464,0.068,0.851,0.081,0.114,0.818,0.068,0.888,0.112,0.944,0.056,0.935726,1,0.051192,0.863027,0.085781,0.914219,0.0621734270940332,0.838837535787289,0.0989890371186776,2,0.138277,0.791307,0.070416,0.929584,0.136429644337022,0.786296923435615,0.0772734322273631,0.944,0.888,0.112,0.056
PUR,HG00555,0.166495,0.707484,0.12602,HG00553,HG00554,2,0.175451117658304,0.697206766211305,0.127342116130391,0.531,0.469,0,0.531,0.469,0,0.865,0.135,0.874,0.126,0.873979,1,0.199922,0.624977,0.175101,0.824899,0.202468246740182,0.628307003114188,0.16922475014563,2,0.117216,0.812407,0.070377,0.929623,0.120712616244336,0.803309166412515,0.0759782173431494,0.874,0.865,0.135,0.126
PUR,HG00639,0.136135,0.726641,0.137224,HG00637,HG00638,2,0.138327066556233,0.727900601548598,0.133772331895169,0.154,0.635,0.211,0.1,0.821,0.079,0.769,0.231,0.941,0.059,0.862776,1,0.131949,0.729331,0.13872,0.86128,0.129440538470145,0.732742646287011,0.137816815242844,2,0.151601,0.684637,0.163761,0.836238,0.144728638839919,0.690609660973614,0.164661700186467,0.769,0.941,0.231,0.059
PUR,HG00642,0.126726,0.823059,0.050215,HG00640,HG00641,1,0.136829595703467,0.801978138232023,0.0611922660645098,0.11,0.796,0.094,0.191,0.78,0.029,0.962,0.038,0.899,0.101,0.949785,1,0.112123,0.835179,0.052698,0.947302,0.124962260832763,0.811369938029485,0.0636678011377525,2,0.161419,0.772859,0.065722,0.934278,0.165282731890995,0.755203890240683,0.0795133778683229,0.962,0.899,0.038,0.101
PUR,HG00733,0.111609,0.882318,0.006072,HG00731,HG00732,2,0.114940344681138,0.85460834568225,0.030451309636612,0.131,0.867,0.002,0.056,0.875,0.069,0.953,0.047,0.951,0.049,0.993927,1,0.080575,0.919415,1e-05,0.99999,0.0804924547775771,0.897677764789143,0.0218297804332801,2,0.130263,0.842789,0.026948,0.973052,0.131746838990151,0.825263451136863,0.0429897098729853,0.953,0.951,0.049,0.047
PUR,HG00735,0.145827,0.773111,0.081062,HG01047,HG00734,2,0.140994328945692,0.770671133991399,0.088334537062909,0.111,0.802,0.087,0.185,0.745,0.07,0.95,0.05,0.864,0.136,0.918938,1,0.098389,0.833372,0.068239,0.931761,0.0951684717381607,0.82485717941047,0.0799743488513691,2,0.203635,0.700711,0.095654,0.904346,0.196901512905127,0.700302675604709,0.102795811490164,0.95,0.864,0.136,0.05
PUR,HG00738,0.11631,0.833614,0.050076,HG00736,HG00737,1,0.126540592276619,0.810897804150805,0.0625616035725755,0.132,0.855,0.013,0.084,0.803,0.113,0.9,0.1,0.97,0.03,0.949924,1,0.112968,0.839125,0.047908,0.952093,0.118698806018962,0.823040227588326,0.0582609663927126,2,0.107879,0.822376,0.069744,0.930255,0.10867842874842,0.810178939305196,0.0811426319463841,0.9,0.97,0.03,0.1
PUR,HG00741,0.115778,0.801065,0.083157,HG00739,HG00740,2,0.120537820714228,0.79012006370507,0.0893421155807018,0.105,0.851,0.044,0.118,0.765,0.117,0.886,0.114,0.925,0.075,0.916843,1,0.069958,0.895011,0.035031,0.964969,0.0629097912159644,0.891142906534748,0.0459473022492878,2,0.146347,0.735803,0.11785,0.88215,0.150320475394512,0.723598297499739,0.126081227105748,0.886,0.925,0.114,0.075
PUR,HG01050,0.157266,0.68065,0.162084,HG01048,HG01049,2,0.153603754818862,0.681081795073024,0.165314450108114,0.159,0.626,0.215,0.175,0.716,0.109,0.914,0.086,0.76,0.24,0.837916,1,0.141643,0.760934,0.097423,0.902577,0.134227505328416,0.767782980664606,0.0979895140069779,2,0.130026,0.643343,0.226631,0.773369,0.138742018675589,0.634602379430499,0.226655601893912,0.914,0.76,0.24,0.086
PUR,HG01053,0.188859,0.637325,0.173816,HG01051,HG01052,2,0.181506627538769,0.641835799090652,0.176657573370578,0.15,0.479,0.371,0.258,0.651,0.091,0.625,0.375,0.933,0.067,0.826184,1,0.18581,0.611379,0.202811,0.797189,0.179025714125092,0.615185356266646,0.205788929608262,2,0.179856,0.609755,0.210389,0.789611,0.17865304714696,0.611186778213416,0.210160174639623,0.933,0.625,0.067,0.375
PUR,HG01056,0.126135,0.795557,0.078308,HG01054,HG01055,1,0.128942577022445,0.787922029210058,0.0831353937674961,0.095,0.754,0.15,0.165,0.788,0.047,0.917,0.083,0.893,0.107,0.921692,1,0.157072,0.793097,0.049831,0.950169,0.159504462696756,0.77990649019446,0.0605890471087838,2,0.108487,0.777373,0.114141,0.88586,0.107873539293185,0.770514341322874,0.12161211938394,0.893,0.917,0.083,0.107
PUR,HG01062,0.117623,0.822992,0.059385,HG01060,HG01061,2,0.12106976037144,0.809438717745083,0.0694915218834772,0.006,0.879,0.115,0.256,0.702,0.042,0.841,0.159,0.955,0.045,0.940615,1,0.106818,0.813984,0.079198,0.920802,0.100738748648877,0.807091047580141,0.0921702037709823,2,0.129345,0.81091,0.059744,0.940255,0.129796093517847,0.799529063547031,0.0706748429351213,0.841,0.955,0.159,0.045
PUR,HG01068,0.129166,0.817995,0.052839,HG01066,HG01067,2,0.129356903442899,0.801156595751556,0.0694865008055449,0.044,0.873,0.084,0.234,0.739,0.027,0.918,0.082,0.952,0.048,0.947161,1,0.128407,0.815325,0.056267,0.943732,0.12048623143923,0.81311673770118,0.0663970308595895,2,0.131236,0.803823,0.06494,0.935059,0.124692374378241,0.795195900526744,0.0801117250950152,0.952,0.918,0.082,0.048
PUR,HG01071,0.14898,0.800782,0.050239,HG01069,HG01070,2,0.160790734803887,0.779479963268445,0.0597293019276683,0.053,0.843,0.104,0.245,0.75,0.005,0.805,0.195,0.987,0.013,0.949762,1,0.157852,0.769339,0.072809,0.927191,0.16556437507658,0.753510808110293,0.0809248168131267,2,0.149809,0.813554,0.036637,0.963363,0.159222971352184,0.796998871049068,0.0437781575987481,0.987,0.805,0.195,0.013
PUR,HG01074,0.144276,0.797303,0.058421,HG01072,HG01073,1,0.144035293431097,0.786432627114002,0.0695320794549015,0.114,0.815,0.071,0.233,0.667,0.1,0.977,0.023,0.88,0.12,0.941579,1,0.13371,0.800562,0.065729,0.934272,0.138468882146941,0.789159665198603,0.072371452654456,2,0.148462,0.781031,0.070507,0.929493,0.143402695108287,0.779177713316997,0.0774195915747159,0.88,0.977,0.12,0.023
PUR,HG01081,0.165049,0.725193,0.109758,HG01079,HG01080,2,0.174799604003763,0.712581278536596,0.112619117459641,0.519,0.481,0,0.507,0.493,0,0.78,0.22,0.961,0.039,0.890242,1,0.13362,0.71171,0.15467,0.84533,0.132245592218425,0.709627645775195,0.15812676200638,2,0.198235,0.722594,0.079171,0.920829,0.18921463492095,0.716631764143525,0.0941536009355246,0.961,0.78,0.22,0.039
PUR,HG01084,0.143412,0.69834,0.158248,HG01082,HG01083,2,0.155766588899906,0.684865806643057,0.159367604457037,0.289,0.675,0.036,0.037,0.656,0.307,0.868,0.132,0.824,0.176,0.841752,1,0.153066,0.65314,0.193793,0.806206,0.153917940933662,0.656833797324107,0.189248261742231,2,0.155254,0.763333,0.081412,0.918587,0.171538342594463,0.738100521472524,0.0903611359330128,0.824,0.868,0.132,0.176
PUR,HG01087,0.147019,0.720018,0.132963,HG01085,HG01086,2,0.149260850832623,0.718445922660642,0.132293226506735,0.1,0.736,0.164,0.218,0.651,0.131,0.778,0.222,0.946,0.054,0.867037,1,0.125362,0.763172,0.111467,0.888534,0.124587046734975,0.761399352143774,0.114013601121251,2,0.185536,0.686261,0.128203,0.871797,0.180421232726508,0.689677576099003,0.12990119117449,0.778,0.946,0.054,0.222
PUR,HG01096,0.098293,0.77445,0.127256,HG01094,HG01095,1,0.0967653544869343,0.772670732396304,0.130563913116761,0.042,0.889,0.069,0.144,0.641,0.215,0.77,0.23,0.954,0.046,0.872743,1,0.122761,0.764122,0.113117,0.886883,0.120325700064009,0.764292354592556,0.115381945343435,2,0.127793,0.767947,0.10426,0.89574,0.127532090777648,0.763407351112716,0.109060558109636,0.77,0.954,0.23,0.046
PUR,HG01099,0.159966,0.761418,0.078616,HG01097,HG01098,1,0.157502297413281,0.758965711483706,0.0835319911030123,0.033,0.84,0.128,0.277,0.679,0.044,0.805,0.195,0.979,0.021,0.921384,1,0.147948,0.776341,0.075711,0.924289,0.149164867552989,0.772700344598143,0.0781347878488677,2,0.145303,0.768895,0.085803,0.914198,0.135038332959946,0.774155327380312,0.0908063396597422,0.805,0.979,0.195,0.021
PUR,HG01100,0.143055,0.720375,0.13657,HG01247,HG01248,2,0.150371738558446,0.716375476449154,0.1332527849924,0.572,0.428,0,0.534,0.466,0,0.903,0.097,0.806,0.194,0.86343,1,0.167368,0.634664,0.197969,0.802032,0.159880004863697,0.647598086884683,0.19252190825162,2,0.117406,0.776976,0.105618,0.894382,0.125695332870627,0.768244009500324,0.106060657629049,0.806,0.903,0.194,0.097
PUR,HG01103,0.129388,0.720243,0.150368,HG01101,HG01102,2,0.142583126561,0.706723189565344,0.150693683873657,0.065,0.651,0.284,0.195,0.703,0.101,0.704,0.296,0.975,0.025,0.849631,1,0.165356,0.69424,0.140403,0.859596,0.165428140577673,0.692891301836548,0.141680557585779,2,0.126093,0.706251,0.167655,0.832344,0.133584350227971,0.70317426402034,0.163241385751689,0.704,0.975,0.296,0.025
PUR,HG01106,0.109738,0.822718,0.067544,HG01104,HG01105,1,0.108125243275827,0.81851213185776,0.0733626248664132,0.066,0.858,0.075,0.136,0.772,0.091,0.907,0.093,0.933,0.067,0.932456,1,0.123489,0.807598,0.068913,0.931087,0.127303406106308,0.801778449498055,0.0709181443956362,2,0.080656,0.851578,0.067766,0.932234,0.0755745351023692,0.84671915672498,0.077706308172651,0.907,0.933,0.093,0.067
PUR,HG01109,0.09035,0.471794,0.437856,HG01107,HG01108,1,0.0963053881822959,0.490178640906452,0.413515970911252,0.541,0.459,0,0.564,0.436,0,0.813,0.187,0.335,0.665,0.562144,1,0.113005,0.663838,0.223157,0.776843,0.112891850977674,0.655381723018286,0.23172642600404,2,0.064775,0.303851,0.631374,0.368626,0.0700305451998956,0.326092279849894,0.603877174950211,0.813,0.335,0.187,0.665
PUR,HG01169,0.094585,0.796657,0.108758,HG01167,HG01168,2,0.0966025307218232,0.791552247906133,0.111845221372044,0.024,0.871,0.105,0.164,0.745,0.091,0.76,0.24,0.975,0.025,0.891242,1,0.143641,0.631024,0.225335,0.774665,0.144615113027966,0.629292029236247,0.226092857735787,2,0.060024,0.926886,0.01309,0.98691,0.0578396394428928,0.917056917059673,0.0251034434974339,0.76,0.975,0.025,0.24
PUR,HG01172,0.145137,0.708472,0.146392,HG01170,HG01171,1,0.146048195636528,0.718139266649671,0.135812537713801,0.302,0.571,0.128,0.057,0.726,0.217,0.71,0.29,0.965,0.035,0.853609,1,0.153071,0.740688,0.106241,0.893759,0.154923388693031,0.746022794147989,0.0990538171589796,2,0.142469,0.677478,0.180053,0.819947,0.138127613149136,0.682741228843137,0.179131158007727,0.71,0.965,0.035,0.29
PUR,HG01175,0.091314,0.862556,0.04613,HG01173,HG01174,2,0.0996192079433569,0.834739389902849,0.0656414021537938,0.068,0.866,0.066,0.124,0.814,0.062,0.959,0.041,0.915,0.085,0.95387,1,0.055974,0.895853,0.048173,0.951827,0.0544876057666649,0.893640280012744,0.0518721142205909,2,0.1252,0.825674,0.049126,0.950874,0.130761647320446,0.798556543214637,0.0706818094649174,0.959,0.915,0.085,0.041
PUR,HG01178,0.126431,0.79613,0.07744,HG01176,HG01177,1,0.132347607662695,0.783503072100794,0.0841493202365118,0.099,0.83,0.072,0.141,0.761,0.098,0.873,0.127,0.958,0.042,0.922561,1,0.175375,0.744683,0.079942,0.920058,0.181584816760465,0.731347317798377,0.087067865441158,2,0.188796,0.750289,0.060915,0.939085,0.193299768048308,0.738555922044264,0.068144309907428,0.873,0.958,0.127,0.042
PUR,HG01184,0.165167,0.712614,0.122219,HG01182,HG01183,2,0.161128558274537,0.71293284459804,0.125938597127423,0.122,0.664,0.214,0.196,0.685,0.119,0.893,0.107,0.848,0.152,0.877781,1,0.161089,0.713522,0.125389,0.874611,0.152849871839705,0.716726256960312,0.130423871199983,2,0.162224,0.726509,0.111268,0.888733,0.158589533898613,0.724807583008727,0.11660288309266,0.848,0.893,0.107,0.152
PUR,HG01189,0.231916,0.56107,0.207014,HG01187,HG01188,1,0.230826584826822,0.566407148668949,0.20276626650423,0.546,0.454,0,0.542,0.458,0,0.687,0.313,0.922,0.078,0.792986,1,0.253396,0.567246,0.179358,0.820642,0.257312612492207,0.568000648371453,0.174686739136339,2,0.209856,0.577019,0.213126,0.786875,0.203075469812865,0.584387777737276,0.212536752449859,0.922,0.687,0.078,0.313
PUR,HG01192,0.213558,0.675047,0.111395,HG01190,HG01191,1,0.227733610076973,0.656863577031683,0.115402812891344,0.185,0.694,0.121,0.219,0.681,0.1,0.793,0.207,0.971,0.029,0.888605,1,0.223505,0.621393,0.155102,0.844898,0.222411180066734,0.62616825550374,0.151420564429526,2,0.193487,0.71866,0.087853,0.912147,0.208318185604967,0.699656557379392,0.0920252570156412,0.971,0.793,0.207,0.029
PUR,HG01199,0.123965,0.764707,0.111328,HG01197,HG01198,1,0.128551334886295,0.754637153892151,0.116811511221554,0.106,0.606,0.287,0.17,0.742,0.088,0.793,0.207,0.955,0.045,0.888672,1,0.145654,0.802182,0.052164,0.947836,0.149240483665828,0.787432487373275,0.0633270289608968,2,0.144507,0.683885,0.171608,0.828392,0.150110717091414,0.673463735601693,0.176425547306893,0.793,0.955,0.207,0.045
PUR,HG01206,0.119125,0.772548,0.108328,HG01204,HG01205,1,0.121782884985898,0.768397155314394,0.109819959699707,0.11,0.8,0.09,0.12,0.741,0.139,0.847,0.153,0.934,0.066,0.891673,1,0.133822,0.777289,0.088888,0.911111,0.141931066777231,0.768513098121993,0.0895558351007758,2,0.119472,0.772483,0.108045,0.891955,0.11974917824747,0.764177161021566,0.116073660730964,0.847,0.934,0.066,0.153
PUR,HG01243,0.060827,0.322507,0.616667,HG01241,HG01242,1,0.0617751208795808,0.350613723149733,0.587611155970686,0.557,0.443,0,0.523,0.477,0,0.559,0.441,0.215,0.785,0.383334,1,0.070331,0.240654,0.689015,0.310985,0.0700971626410703,0.25565932107382,0.67424351628511,2,0.057405,0.439793,0.502803,0.497198,0.0573711814340078,0.451915036524446,0.490713782041546,0.215,0.559,0.441,0.785
PUR,HG01249,0.162189,0.727096,0.110714,HG01110,HG01111,2,0.171486160196068,0.716509727580446,0.112004112223487,0.141,0.71,0.149,0.159,0.764,0.077,0.893,0.107,0.85,0.15,0.889285,1,0.14527,0.736283,0.118448,0.881553,0.14368870892976,0.742560639067063,0.113750652003177,2,0.146173,0.74897,0.104857,0.895143,0.153721671203624,0.739290532607195,0.106987796189181,0.893,0.85,0.15,0.107
