Population,Type,Individual,Cluster,Ancestry
YRI,Reference,1,K1,1.8e-05
YRI,Reference,1,K2,1e-05
YRI,Reference,1,K3,0.999972
YRI,Reference,2,K1,1.8e-05
YRI,Reference,2,K2,1e-05
YRI,Reference,2,K3,0.999972
YRI,Reference,3,K1,1.6e-05
YRI,Reference,3,K2,1e-05
YRI,Reference,3,K3,0.999974
YRI,Reference,4,K1,1.6e-05
YRI,Reference,4,K2,1e-05
YRI,Reference,4,K3,0.999974
YRI,Reference,5,K1,1.6e-05
YRI,Reference,5,K2,1e-05
YRI,Reference,5,K3,0.999974
YRI,Reference,6,K1,1.6e-05
YRI,Reference,6,K2,1e-05
YRI,Reference,6,K3,0.999974
YRI,Reference,7,K1,1.4e-05
YRI,Reference,7,K2,1e-05
YRI,Reference,7,K3,0.999976
YRI,Reference,8,K1,1.4e-05
YRI,Reference,8,K2,1e-05
YRI,Reference,8,K3,0.999976
YRI,Reference,9,K1,1.3e-05
YRI,Reference,9,K2,1e-05
YRI,Reference,9,K3,0.999977
YRI,Reference,10,K1,1.3e-05
YRI,Reference,10,K2,1e-05
YRI,Reference,10,K3,0.999977
YRI,Reference,11,K1,1.2e-05
YRI,Reference,11,K2,1e-05
YRI,Reference,11,K3,0.999978
YRI,Reference,12,K1,1.2e-05
YRI,Reference,12,K2,1e-05
YRI,Reference,12,K3,0.999978
YRI,Reference,13,K1,1.2e-05
YRI,Reference,13,K2,1e-05
YRI,Reference,13,K3,0.999978
YRI,Reference,14,K1,1.2e-05
YRI,Reference,14,K2,1e-05
YRI,Reference,14,K3,0.999978
YRI,Reference,15,K1,1.1e-05
YRI,Reference,15,K2,1e-05
YRI,Reference,15,K3,0.999979
YRI,Reference,16,K1,1e-05
YRI,Reference,16,K2,1e-05
YRI,Reference,16,K3,0.99998
YRI,Reference,17,K1,1e-05
YRI,Reference,17,K2,1e-05
YRI,Reference,17,K3,0.99998
YRI,Reference,18,K1,1e-05
YRI,Reference,18,K2,1e-05
YRI,Reference,18,K3,0.99998
YRI,Reference,19,K1,1e-05
YRI,Reference,19,K2,1e-05
YRI,Reference,19,K3,0.99998
YRI,Reference,20,K1,1e-05
YRI,Reference,20,K2,1e-05
YRI,Reference,20,K3,0.99998
YRI,Reference,21,K1,1e-05
YRI,Reference,21,K2,1e-05
YRI,Reference,21,K3,0.99998
YRI,Reference,22,K1,1e-05
YRI,Reference,22,K2,1e-05
YRI,Reference,22,K3,0.99998
YRI,Reference,23,K1,1e-05
YRI,Reference,23,K2,1e-05
YRI,Reference,23,K3,0.99998
YRI,Reference,24,K1,1e-05
YRI,Reference,24,K2,1e-05
YRI,Reference,24,K3,0.99998
YRI,Reference,25,K1,1e-05
YRI,Reference,25,K2,1e-05
YRI,Reference,25,K3,0.99998
YRI,Reference,26,K1,1e-05
YRI,Reference,26,K2,1e-05
YRI,Reference,26,K3,0.99998
YRI,Reference,27,K1,1e-05
YRI,Reference,27,K2,1e-05
YRI,Reference,27,K3,0.99998
YRI,Reference,28,K1,1e-05
YRI,Reference,28,K2,1e-05
YRI,Reference,28,K3,0.99998
YRI,Reference,29,K1,1e-05
YRI,Reference,29,K2,1e-05
YRI,Reference,29,K3,0.99998
YRI,Reference,30,K1,1e-05
YRI,Reference,30,K2,1e-05
YRI,Reference,30,K3,0.99998
YRI,Reference,31,K1,1e-05
YRI,Reference,31,K2,1e-05
YRI,Reference,31,K3,0.99998
YRI,Reference,32,K1,1e-05
YRI,Reference,32,K2,1e-05
YRI,Reference,32,K3,0.99998
YRI,Reference,33,K1,1e-05
YRI,Reference,33,K2,1e-05
YRI,Reference,33,K3,0.99998
YRI,Reference,34,K1,1e-05
YRI,Reference,34,K2,1e-05
YRI,Reference,34,K3,0.99998
YRI,Reference,35,K1,1e-05
YRI,Reference,35,K2,1e-05
YRI,Reference,35,K3,0.99998
YRI,Reference,36,K1,1e-05
YRI,Reference,36,K2,1e-05
YRI,Reference,36,K3,0.99998
YRI,Reference,37,K1,1e-05
YRI,Reference,37,K2,1e-05
YRI,Reference,37,K3,0.99998
YRI,Reference,38,K1,1e-05
YRI,Reference,38,K2,1e-05
YRI,Reference,38,K3,0.99998
YRI,Reference,39,K1,1e-05
YRI,Reference,39,K2,1e-05
YRI,Reference,39,K3,0.99998
YRI,Reference,40,K1,1e-05
YRI,Reference,40,K2,1e-05
YRI,Reference,40,K3,0.99998
YRI,Reference,41,K1,1e-05
YRI,Reference,41,K2,1e-05
YRI,Reference,41,K3,0.99998
YRI,Reference,42,K1,1e-05
YRI,Reference,42,K2,1e-05
YRI,Reference,42,K3,0.99998
YRI,Reference,43,K1,1e-05
YRI,Reference,43,K2,1e-05
YRI,Reference,43,K3,0.99998
YRI,Reference,44,K1,1e-05
YRI,Reference,44,K2,1e-05
YRI,Reference,44,K3,0.99998
YRI,Reference,45,K1,1e-05
YRI,Reference,45,K2,1e-05
YRI,Reference,45,K3,0.99998
YRI,Reference,46,K1,1e-05
YRI,Reference,46,K2,1e-05
YRI,Reference,46,K3,0.99998
YRI,Reference,47,K1,1e-05
YRI,Reference,47,K2,1e-05
YRI,Reference,47,K3,0.99998
YRI,Reference,48,K1,1e-05
YRI,Reference,48,K2,1e-05
YRI,Reference,48,K3,0.99998
YRI,Reference,49,K1,1e-05
YRI,Reference,49,K2,1e-05
YRI,Reference,49,K3,0.99998
YRI,Reference,50,K1,1e-05
YRI,Reference,50,K2,1e-05
YRI,Reference,50,K3,0.99998
YRI,Reference,51,K1,1e-05
YRI,Reference,51,K2,1e-05
YRI,Reference,51,K3,0.99998
YRI,Reference,52,K1,1e-05
YRI,Reference,52,K2,1e-05
YRI,Reference,52,K3,0.99998
YRI,Reference,53,K1,1e-05
YRI,Reference,53,K2,1e-05
YRI,Reference,53,K3,0.99998
YRI,Reference,54,K1,1e-05
YRI,Reference,54,K2,1e-05
YRI,Reference,54,K3,0.99998
YRI,Reference,55,K1,1e-05
YRI,Reference,55,K2,1e-05
YRI,Reference,55,K3,0.99998
YRI,Reference,56,K1,1e-05
YRI,Reference,56,K2,1e-05
YRI,Reference,56,K3,0.99998
YRI,Reference,57,K1,1e-05
YRI,Reference,57,K2,1e-05
YRI,Reference,57,K3,0.99998
YRI,Reference,58,K1,1e-05
YRI,Reference,58,K2,1e-05
YRI,Reference,58,K3,0.99998
YRI,Reference,59,K1,1e-05
YRI,Reference,59,K2,1e-05
YRI,Reference,59,K3,0.99998
YRI,Reference,60,K1,1e-05
YRI,Reference,60,K2,1e-05
YRI,Reference,60,K3,0.99998
YRI,Reference,61,K1,1e-05
YRI,Reference,61,K2,1e-05
YRI,Reference,61,K3,0.99998
YRI,Reference,62,K1,1e-05
YRI,Reference,62,K2,1e-05
YRI,Reference,62,K3,0.99998
YRI,Reference,63,K1,1e-05
YRI,Reference,63,K2,1e-05
YRI,Reference,63,K3,0.99998
YRI,Reference,64,K1,1e-05
YRI,Reference,64,K2,1e-05
YRI,Reference,64,K3,0.99998
YRI,Reference,65,K1,1e-05
YRI,Reference,65,K2,1e-05
YRI,Reference,65,K3,0.99998
YRI,Reference,66,K1,1e-05
YRI,Reference,66,K2,1e-05
YRI,Reference,66,K3,0.99998
YRI,Reference,67,K1,1e-05
YRI,Reference,67,K2,1e-05
YRI,Reference,67,K3,0.99998
YRI,Reference,68,K1,1e-05
YRI,Reference,68,K2,1e-05
YRI,Reference,68,K3,0.99998
YRI,Reference,69,K1,1e-05
YRI,Reference,69,K2,1e-05
YRI,Reference,69,K3,0.99998
YRI,Reference,70,K1,1e-05
YRI,Reference,70,K2,1e-05
YRI,Reference,70,K3,0.99998
YRI,Reference,71,K1,1e-05
YRI,Reference,71,K2,1e-05
YRI,Reference,71,K3,0.99998
YRI,Reference,72,K1,1e-05
YRI,Reference,72,K2,1e-05
YRI,Reference,72,K3,0.99998
YRI,Reference,73,K1,1e-05
YRI,Reference,73,K2,1e-05
YRI,Reference,73,K3,0.99998
YRI,Reference,74,K1,1e-05
YRI,Reference,74,K2,1e-05
YRI,Reference,74,K3,0.99998
YRI,Reference,75,K1,1e-05
YRI,Reference,75,K2,1e-05
YRI,Reference,75,K3,0.99998
YRI,Reference,76,K1,1e-05
YRI,Reference,76,K2,1e-05
YRI,Reference,76,K3,0.99998
YRI,Reference,77,K1,1e-05
YRI,Reference,77,K2,1e-05
YRI,Reference,77,K3,0.99998
YRI,Reference,78,K1,1e-05
YRI,Reference,78,K2,1e-05
YRI,Reference,78,K3,0.99998
YRI,Reference,79,K1,1e-05
YRI,Reference,79,K2,1e-05
YRI,Reference,79,K3,0.99998
YRI,Reference,80,K1,1e-05
YRI,Reference,80,K2,1e-05
YRI,Reference,80,K3,0.99998
YRI,Reference,81,K1,1e-05
YRI,Reference,81,K2,1e-05
YRI,Reference,81,K3,0.99998
YRI,Reference,82,K1,1e-05
YRI,Reference,82,K2,1e-05
YRI,Reference,82,K3,0.99998
YRI,Reference,83,K1,1e-05
YRI,Reference,83,K2,1e-05
YRI,Reference,83,K3,0.99998
YRI,Reference,84,K1,1e-05
YRI,Reference,84,K2,1e-05
YRI,Reference,84,K3,0.99998
YRI,Reference,85,K1,1e-05
YRI,Reference,85,K2,1e-05
YRI,Reference,85,K3,0.99998
YRI,Reference,86,K1,1e-05
YRI,Reference,86,K2,1e-05
YRI,Reference,86,K3,0.99998
YRI,Reference,87,K1,1e-05
YRI,Reference,87,K2,1e-05
YRI,Reference,87,K3,0.99998
YRI,Reference,88,K1,1e-05
YRI,Reference,88,K2,1e-05
YRI,Reference,88,K3,0.99998
YRI,Reference,89,K1,1e-05
YRI,Reference,89,K2,1e-05
YRI,Reference,89,K3,0.99998
YRI,Reference,90,K1,1e-05
YRI,Reference,90,K2,1e-05
YRI,Reference,90,K3,0.99998
YRI,Reference,91,K1,1e-05
YRI,Reference,91,K2,1e-05
YRI,Reference,91,K3,0.99998
YRI,Reference,92,K1,1e-05
YRI,Reference,92,K2,1e-05
YRI,Reference,92,K3,0.99998
YRI,Reference,93,K1,1e-05
YRI,Reference,93,K2,1e-05
YRI,Reference,93,K3,0.99998
YRI,Reference,94,K1,1e-05
YRI,Reference,94,K2,1e-05
YRI,Reference,94,K3,0.99998
YRI,Reference,95,K1,1e-05
YRI,Reference,95,K2,1e-05
YRI,Reference,95,K3,0.99998
YRI,Reference,96,K1,1e-05
YRI,Reference,96,K2,1e-05
YRI,Reference,96,K3,0.99998
YRI,Reference,97,K1,1e-05
YRI,Reference,97,K2,1e-05
YRI,Reference,97,K3,0.99998
YRI,Reference,98,K1,1e-05
YRI,Reference,98,K2,1e-05
YRI,Reference,98,K3,0.99998
YRI,Reference,99,K1,1e-05
YRI,Reference,99,K2,1e-05
YRI,Reference,99,K3,0.99998
YRI,Reference,100,K1,1e-05
YRI,Reference,100,K2,1e-05
YRI,Reference,100,K3,0.99998
YRI,Reference,101,K1,1e-05
YRI,Reference,101,K2,1e-05
YRI,Reference,101,K3,0.99998
YRI,Reference,102,K1,1e-05
YRI,Reference,102,K2,1e-05
YRI,Reference,102,K3,0.99998
YRI,Reference,103,K1,1e-05
YRI,Reference,103,K2,1e-05
YRI,Reference,103,K3,0.99998
YRI,Reference,104,K1,1e-05
YRI,Reference,104,K2,1e-05
YRI,Reference,104,K3,0.99998
YRI,Reference,105,K1,1e-05
YRI,Reference,105,K2,1e-05
YRI,Reference,105,K3,0.99998
YRI,Reference,106,K1,1e-05
YRI,Reference,106,K2,1e-05
YRI,Reference,106,K3,0.99998
YRI,Reference,107,K1,1e-05
YRI,Reference,107,K2,1e-05
YRI,Reference,107,K3,0.99998
YRI,Reference,108,K1,1e-05
YRI,Reference,108,K2,1e-05
YRI,Reference,108,K3,0.99998
YRI,Reference,109,K1,1e-05
YRI,Reference,109,K2,1e-05
YRI,Reference,109,K3,0.99998
YRI,Reference,110,K1,1e-05
YRI,Reference,110,K2,1e-05
YRI,Reference,110,K3,0.99998
YRI,Reference,111,K1,1e-05
YRI,Reference,111,K2,1e-05
YRI,Reference,111,K3,0.99998
YRI,Reference,112,K1,1e-05
YRI,Reference,112,K2,1e-05
YRI,Reference,112,K3,0.99998
YRI,Reference,113,K1,1e-05
YRI,Reference,113,K2,1e-05
YRI,Reference,113,K3,0.99998
YRI,Reference,114,K1,1e-05
YRI,Reference,114,K2,1e-05
YRI,Reference,114,K3,0.99998
YRI,Reference,115,K1,1e-05
YRI,Reference,115,K2,1e-05
YRI,Reference,115,K3,0.99998
YRI,Reference,116,K1,1e-05
YRI,Reference,116,K2,1e-05
YRI,Reference,116,K3,0.99998
YRI,Reference,117,K1,1e-05
YRI,Reference,117,K2,1e-05
YRI,Reference,117,K3,0.99998
YRI,Reference,118,K1,1e-05
YRI,Reference,118,K2,1e-05
YRI,Reference,118,K3,0.99998
YRI,Reference,119,K1,1e-05
YRI,Reference,119,K2,1e-05
YRI,Reference,119,K3,0.99998
YRI,Reference,120,K1,1e-05
YRI,Reference,120,K2,1e-05
YRI,Reference,120,K3,0.99998
YRI,Reference,121,K1,1e-05
YRI,Reference,121,K2,1e-05
YRI,Reference,121,K3,0.99998
YRI,Reference,122,K1,1e-05
YRI,Reference,122,K2,1e-05
YRI,Reference,122,K3,0.99998
YRI,Reference,123,K1,1e-05
YRI,Reference,123,K2,1e-05
YRI,Reference,123,K3,0.99998
YRI,Reference,124,K1,1e-05
YRI,Reference,124,K2,1e-05
YRI,Reference,124,K3,0.99998
YRI,Reference,125,K1,1e-05
YRI,Reference,125,K2,1e-05
YRI,Reference,125,K3,0.99998
YRI,Reference,126,K1,1e-05
YRI,Reference,126,K2,1e-05
YRI,Reference,126,K3,0.99998
YRI,Reference,127,K1,1e-05
YRI,Reference,127,K2,1e-05
YRI,Reference,127,K3,0.99998
YRI,Reference,128,K1,1e-05
YRI,Reference,128,K2,1e-05
YRI,Reference,128,K3,0.99998
YRI,Reference,129,K1,1e-05
YRI,Reference,129,K2,1e-05
YRI,Reference,129,K3,0.99998
YRI,Reference,130,K1,1e-05
YRI,Reference,130,K2,1e-05
YRI,Reference,130,K3,0.99998
YRI,Reference,131,K1,1e-05
YRI,Reference,131,K2,1e-05
YRI,Reference,131,K3,0.99998
YRI,Reference,132,K1,1e-05
YRI,Reference,132,K2,1e-05
YRI,Reference,132,K3,0.99998
YRI,Reference,133,K1,1e-05
YRI,Reference,133,K2,1e-05
YRI,Reference,133,K3,0.99998
YRI,Reference,134,K1,1e-05
YRI,Reference,134,K2,1e-05
YRI,Reference,134,K3,0.99998
YRI,Reference,135,K1,1e-05
YRI,Reference,135,K2,1e-05
YRI,Reference,135,K3,0.99998
YRI,Reference,136,K1,1e-05
YRI,Reference,136,K2,1e-05
YRI,Reference,136,K3,0.99998
YRI,Reference,137,K1,1e-05
YRI,Reference,137,K2,1e-05
YRI,Reference,137,K3,0.99998
YRI,Reference,138,K1,1e-05
YRI,Reference,138,K2,1e-05
YRI,Reference,138,K3,0.99998
YRI,Reference,139,K1,1e-05
YRI,Reference,139,K2,1e-05
YRI,Reference,139,K3,0.99998
YRI,Reference,140,K1,1e-05
YRI,Reference,140,K2,1e-05
YRI,Reference,140,K3,0.99998
YRI,Reference,141,K1,1e-05
YRI,Reference,141,K2,1e-05
YRI,Reference,141,K3,0.99998
YRI,Reference,142,K1,1e-05
YRI,Reference,142,K2,1e-05
YRI,Reference,142,K3,0.99998
YRI,Reference,143,K1,1e-05
YRI,Reference,143,K2,1e-05
YRI,Reference,143,K3,0.99998
YRI,Reference,144,K1,1e-05
YRI,Reference,144,K2,1e-05
YRI,Reference,144,K3,0.99998
YRI,Reference,145,K1,1e-05
YRI,Reference,145,K2,1e-05
YRI,Reference,145,K3,0.99998
YRI,Reference,146,K1,1e-05
YRI,Reference,146,K2,1e-05
YRI,Reference,146,K3,0.99998
YRI,Reference,147,K1,1e-05
YRI,Reference,147,K2,1e-05
YRI,Reference,147,K3,0.99998
YRI,Reference,148,K1,1e-05
YRI,Reference,148,K2,1e-05
YRI,Reference,148,K3,0.99998
YRI,Reference,149,K1,1e-05
YRI,Reference,149,K2,1e-05
YRI,Reference,149,K3,0.99998
YRI,Reference,150,K1,1e-05
YRI,Reference,150,K2,1e-05
YRI,Reference,150,K3,0.99998
YRI,Reference,151,K1,1e-05
YRI,Reference,151,K2,1e-05
YRI,Reference,151,K3,0.99998
YRI,Reference,152,K1,1e-05
YRI,Reference,152,K2,1e-05
YRI,Reference,152,K3,0.99998
YRI,Reference,153,K1,1e-05
YRI,Reference,153,K2,1e-05
YRI,Reference,153,K3,0.99998
YRI,Reference,154,K1,1e-05
YRI,Reference,154,K2,1e-05
YRI,Reference,154,K3,0.99998
YRI,Reference,155,K1,1e-05
YRI,Reference,155,K2,1e-05
YRI,Reference,155,K3,0.99998
YRI,Reference,156,K1,1e-05
YRI,Reference,156,K2,1e-05
YRI,Reference,156,K3,0.99998
YRI,Reference,157,K1,1e-05
YRI,Reference,157,K2,1e-05
YRI,Reference,157,K3,0.99998
YRI,Reference,158,K1,1e-05
YRI,Reference,158,K2,1e-05
YRI,Reference,158,K3,0.99998
YRI,Reference,159,K1,1e-05
YRI,Reference,159,K2,1e-05
YRI,Reference,159,K3,0.99998
YRI,Reference,160,K1,1e-05
YRI,Reference,160,K2,1e-05
YRI,Reference,160,K3,0.99998
YRI,Reference,161,K1,1e-05
YRI,Reference,161,K2,1e-05
YRI,Reference,161,K3,0.99998
YRI,Reference,162,K1,1e-05
YRI,Reference,162,K2,1e-05
YRI,Reference,162,K3,0.99998
YRI,Reference,163,K1,1e-05
YRI,Reference,163,K2,1e-05
YRI,Reference,163,K3,0.99998
YRI,Reference,164,K1,1e-05
YRI,Reference,164,K2,1e-05
YRI,Reference,164,K3,0.99998
YRI,Reference,165,K1,1e-05
YRI,Reference,165,K2,1e-05
YRI,Reference,165,K3,0.99998
YRI,Reference,166,K1,1e-05
YRI,Reference,166,K2,1e-05
YRI,Reference,166,K3,0.99998
YRI,Reference,167,K1,1e-05
YRI,Reference,167,K2,1e-05
YRI,Reference,167,K3,0.99998
YRI,Reference,168,K1,1e-05
YRI,Reference,168,K2,1e-05
YRI,Reference,168,K3,0.99998
YRI,Reference,169,K1,1e-05
YRI,Reference,169,K2,1e-05
YRI,Reference,169,K3,0.99998
YRI,Reference,170,K1,1e-05
YRI,Reference,170,K2,1e-05
YRI,Reference,170,K3,0.99998
YRI,Reference,171,K1,1e-05
YRI,Reference,171,K2,1e-05
YRI,Reference,171,K3,0.99998
YRI,Reference,172,K1,1e-05
YRI,Reference,172,K2,1e-05
YRI,Reference,172,K3,0.99998
YRI,Reference,173,K1,1e-05
YRI,Reference,173,K2,1e-05
YRI,Reference,173,K3,0.99998
YRI,Reference,174,K1,1e-05
YRI,Reference,174,K2,1e-05
YRI,Reference,174,K3,0.99998
YRI,Reference,175,K1,1e-05
YRI,Reference,175,K2,1e-05
YRI,Reference,175,K3,0.99998
IBS,Reference,176,K1,2e-05
IBS,Reference,176,K2,0.99997
IBS,Reference,176,K3,1e-05
IBS,Reference,177,K1,2e-05
IBS,Reference,177,K2,0.99997
IBS,Reference,177,K3,1e-05
IBS,Reference,178,K1,2e-05
IBS,Reference,178,K2,0.99997
IBS,Reference,178,K3,1e-05
IBS,Reference,179,K1,1.9e-05
IBS,Reference,179,K2,0.999971
IBS,Reference,179,K3,1e-05
IBS,Reference,180,K1,1.9e-05
IBS,Reference,180,K2,0.999971
IBS,Reference,180,K3,1e-05
IBS,Reference,181,K1,1.8e-05
IBS,Reference,181,K2,0.999972
IBS,Reference,181,K3,1e-05
IBS,Reference,182,K1,1.8e-05
IBS,Reference,182,K2,0.999972
IBS,Reference,182,K3,1e-05
IBS,Reference,183,K1,1.8e-05
IBS,Reference,183,K2,0.999972
IBS,Reference,183,K3,1e-05
IBS,Reference,184,K1,1.8e-05
IBS,Reference,184,K2,0.999972
IBS,Reference,184,K3,1e-05
IBS,Reference,185,K1,1.7e-05
IBS,Reference,185,K2,0.999973
IBS,Reference,185,K3,1e-05
IBS,Reference,186,K1,1.7e-05
IBS,Reference,186,K2,0.999973
IBS,Reference,186,K3,1e-05
IBS,Reference,187,K1,1.7e-05
IBS,Reference,187,K2,0.999973
IBS,Reference,187,K3,1e-05
IBS,Reference,188,K1,1.7e-05
IBS,Reference,188,K2,0.999973
IBS,Reference,188,K3,1e-05
IBS,Reference,189,K1,1.7e-05
IBS,Reference,189,K2,0.999973
IBS,Reference,189,K3,1e-05
IBS,Reference,190,K1,1.7e-05
IBS,Reference,190,K2,0.999973
IBS,Reference,190,K3,1e-05
IBS,Reference,191,K1,1.6e-05
IBS,Reference,191,K2,0.999974
IBS,Reference,191,K3,1e-05
IBS,Reference,192,K1,1.6e-05
IBS,Reference,192,K2,0.999974
IBS,Reference,192,K3,1e-05
IBS,Reference,193,K1,1.6e-05
IBS,Reference,193,K2,0.999974
IBS,Reference,193,K3,1e-05
IBS,Reference,194,K1,1.5e-05
IBS,Reference,194,K2,0.999975
IBS,Reference,194,K3,1e-05
IBS,Reference,195,K1,1.5e-05
IBS,Reference,195,K2,0.999975
IBS,Reference,195,K3,1e-05
IBS,Reference,196,K1,1.5e-05
IBS,Reference,196,K2,0.999975
IBS,Reference,196,K3,1e-05
IBS,Reference,197,K1,1.5e-05
IBS,Reference,197,K2,0.999975
IBS,Reference,197,K3,1e-05
IBS,Reference,198,K1,1.5e-05
IBS,Reference,198,K2,0.999975
IBS,Reference,198,K3,1e-05
IBS,Reference,199,K1,1.5e-05
IBS,Reference,199,K2,0.999975
IBS,Reference,199,K3,1e-05
IBS,Reference,200,K1,1.4e-05
IBS,Reference,200,K2,0.999976
IBS,Reference,200,K3,1e-05
IBS,Reference,201,K1,1.4e-05
IBS,Reference,201,K2,0.999976
IBS,Reference,201,K3,1e-05
IBS,Reference,202,K1,1.4e-05
IBS,Reference,202,K2,0.999976
IBS,Reference,202,K3,1e-05
IBS,Reference,203,K1,1.4e-05
IBS,Reference,203,K2,0.999976
IBS,Reference,203,K3,1e-05
IBS,Reference,204,K1,1.3e-05
IBS,Reference,204,K2,0.999977
IBS,Reference,204,K3,1e-05
IBS,Reference,205,K1,1.3e-05
IBS,Reference,205,K2,0.999977
IBS,Reference,205,K3,1e-05
IBS,Reference,206,K1,1.3e-05
IBS,Reference,206,K2,0.999977
IBS,Reference,206,K3,1e-05
IBS,Reference,207,K1,1.3e-05
IBS,Reference,207,K2,0.999977
IBS,Reference,207,K3,1e-05
IBS,Reference,208,K1,1.3e-05
IBS,Reference,208,K2,0.999977
IBS,Reference,208,K3,1e-05
IBS,Reference,209,K1,1.3e-05
IBS,Reference,209,K2,0.999977
IBS,Reference,209,K3,1e-05
IBS,Reference,210,K1,1.3e-05
IBS,Reference,210,K2,0.999977
IBS,Reference,210,K3,1e-05
IBS,Reference,211,K1,1.3e-05
IBS,Reference,211,K2,0.999977
IBS,Reference,211,K3,1e-05
IBS,Reference,212,K1,1.3e-05
IBS,Reference,212,K2,0.999977
IBS,Reference,212,K3,1e-05
IBS,Reference,213,K1,1.3e-05
IBS,Reference,213,K2,0.999977
IBS,Reference,213,K3,1e-05
IBS,Reference,214,K1,1.3e-05
IBS,Reference,214,K2,0.999977
IBS,Reference,214,K3,1e-05
IBS,Reference,215,K1,1.2e-05
IBS,Reference,215,K2,0.999978
IBS,Reference,215,K3,1e-05
IBS,Reference,216,K1,1.2e-05
IBS,Reference,216,K2,0.999978
IBS,Reference,216,K3,1e-05
IBS,Reference,217,K1,1.2e-05
IBS,Reference,217,K2,0.999978
IBS,Reference,217,K3,1e-05
IBS,Reference,218,K1,1.2e-05
IBS,Reference,218,K2,0.999978
IBS,Reference,218,K3,1e-05
IBS,Reference,219,K1,1.2e-05
IBS,Reference,219,K2,0.999978
IBS,Reference,219,K3,1e-05
IBS,Reference,220,K1,1.2e-05
IBS,Reference,220,K2,0.999978
IBS,Reference,220,K3,1e-05
IBS,Reference,221,K1,1.2e-05
IBS,Reference,221,K2,0.999978
IBS,Reference,221,K3,1e-05
IBS,Reference,222,K1,1.2e-05
IBS,Reference,222,K2,0.999978
IBS,Reference,222,K3,1e-05
IBS,Reference,223,K1,1.2e-05
IBS,Reference,223,K2,0.999978
IBS,Reference,223,K3,1e-05
IBS,Reference,224,K1,1.1e-05
IBS,Reference,224,K2,0.999979
IBS,Reference,224,K3,1e-05
IBS,Reference,225,K1,1.1e-05
IBS,Reference,225,K2,0.999979
IBS,Reference,225,K3,1e-05
IBS,Reference,226,K1,1.1e-05
IBS,Reference,226,K2,0.999979
IBS,Reference,226,K3,1e-05
IBS,Reference,227,K1,1.1e-05
IBS,Reference,227,K2,0.999979
IBS,Reference,227,K3,1e-05
IBS,Reference,228,K1,1.1e-05
IBS,Reference,228,K2,0.999979
IBS,Reference,228,K3,1e-05
IBS,Reference,229,K1,1.1e-05
IBS,Reference,229,K2,0.999979
IBS,Reference,229,K3,1e-05
IBS,Reference,230,K1,1.1e-05
IBS,Reference,230,K2,0.999979
IBS,Reference,230,K3,1e-05
IBS,Reference,231,K1,1.1e-05
IBS,Reference,231,K2,0.999979
IBS,Reference,231,K3,1e-05
IBS,Reference,232,K1,1.1e-05
IBS,Reference,232,K2,0.999979
IBS,Reference,232,K3,1e-05
IBS,Reference,233,K1,1.1e-05
IBS,Reference,233,K2,0.999979
IBS,Reference,233,K3,1e-05
IBS,Reference,234,K1,1.1e-05
IBS,Reference,234,K2,0.999979
IBS,Reference,234,K3,1e-05
IBS,Reference,235,K1,1.1e-05
IBS,Reference,235,K2,0.999979
IBS,Reference,235,K3,1e-05
IBS,Reference,236,K1,1.1e-05
IBS,Reference,236,K2,0.999979
IBS,Reference,236,K3,1e-05
IBS,Reference,237,K1,1.1e-05
IBS,Reference,237,K2,0.999979
IBS,Reference,237,K3,1e-05
IBS,Reference,238,K1,1.1e-05
IBS,Reference,238,K2,0.999979
IBS,Reference,238,K3,1e-05
IBS,Reference,239,K1,1.1e-05
IBS,Reference,239,K2,0.999979
IBS,Reference,239,K3,1e-05
IBS,Reference,240,K1,1.1e-05
IBS,Reference,240,K2,0.999979
IBS,Reference,240,K3,1e-05
IBS,Reference,241,K1,1.1e-05
IBS,Reference,241,K2,0.999979
IBS,Reference,241,K3,1e-05
IBS,Reference,242,K1,1e-05
IBS,Reference,242,K2,0.9761
IBS,Reference,242,K3,0.02389
IBS,Reference,243,K1,1e-05
IBS,Reference,243,K2,0.978751
IBS,Reference,243,K3,0.021239
IBS,Reference,244,K1,1e-05
IBS,Reference,244,K2,0.99998
IBS,Reference,244,K3,1e-05
IBS,Reference,245,K1,1e-05
IBS,Reference,245,K2,0.99998
IBS,Reference,245,K3,1e-05
IBS,Reference,246,K1,1e-05
IBS,Reference,246,K2,0.99998
IBS,Reference,246,K3,1e-05
IBS,Reference,247,K1,1e-05
IBS,Reference,247,K2,0.99998
IBS,Reference,247,K3,1e-05
IBS,Reference,248,K1,1e-05
IBS,Reference,248,K2,0.99998
IBS,Reference,248,K3,1e-05
IBS,Reference,249,K1,1e-05
IBS,Reference,249,K2,0.99998
IBS,Reference,249,K3,1e-05
IBS,Reference,250,K1,1e-05
IBS,Reference,250,K2,0.99998
IBS,Reference,250,K3,1e-05
IBS,Reference,251,K1,1e-05
IBS,Reference,251,K2,0.99998
IBS,Reference,251,K3,1e-05
IBS,Reference,252,K1,1e-05
IBS,Reference,252,K2,0.99998
IBS,Reference,252,K3,1e-05
IBS,Reference,253,K1,1e-05
IBS,Reference,253,K2,0.99998
IBS,Reference,253,K3,1e-05
IBS,Reference,254,K1,1e-05
IBS,Reference,254,K2,0.99998
IBS,Reference,254,K3,1e-05
IBS,Reference,255,K1,1e-05
IBS,Reference,255,K2,0.99998
IBS,Reference,255,K3,1e-05
IBS,Reference,256,K1,1e-05
IBS,Reference,256,K2,0.99998
IBS,Reference,256,K3,1e-05
IBS,Reference,257,K1,1e-05
IBS,Reference,257,K2,0.99998
IBS,Reference,257,K3,1e-05
IBS,Reference,258,K1,1e-05
IBS,Reference,258,K2,0.99998
IBS,Reference,258,K3,1e-05
IBS,Reference,259,K1,1e-05
IBS,Reference,259,K2,0.99998
IBS,Reference,259,K3,1e-05
IBS,Reference,260,K1,1e-05
IBS,Reference,260,K2,0.99998
IBS,Reference,260,K3,1e-05
IBS,Reference,261,K1,1e-05
IBS,Reference,261,K2,0.99998
IBS,Reference,261,K3,1e-05
IBS,Reference,262,K1,1e-05
IBS,Reference,262,K2,0.99998
IBS,Reference,262,K3,1e-05
IBS,Reference,263,K1,1e-05
IBS,Reference,263,K2,0.99998
IBS,Reference,263,K3,1e-05
IBS,Reference,264,K1,1e-05
IBS,Reference,264,K2,0.99998
IBS,Reference,264,K3,1e-05
IBS,Reference,265,K1,1e-05
IBS,Reference,265,K2,0.99998
IBS,Reference,265,K3,1e-05
IBS,Reference,266,K1,1e-05
IBS,Reference,266,K2,0.99998
IBS,Reference,266,K3,1e-05
IBS,Reference,267,K1,1e-05
IBS,Reference,267,K2,0.99998
IBS,Reference,267,K3,1e-05
IBS,Reference,268,K1,1e-05
IBS,Reference,268,K2,0.99998
IBS,Reference,268,K3,1e-05
IBS,Reference,269,K1,1e-05
IBS,Reference,269,K2,0.99998
IBS,Reference,269,K3,1e-05
IBS,Reference,270,K1,1e-05
IBS,Reference,270,K2,0.99998
IBS,Reference,270,K3,1e-05
IBS,Reference,271,K1,1e-05
IBS,Reference,271,K2,0.99998
IBS,Reference,271,K3,1e-05
IBS,Reference,272,K1,1e-05
IBS,Reference,272,K2,0.99998
IBS,Reference,272,K3,1e-05
IBS,Reference,273,K1,1e-05
IBS,Reference,273,K2,0.99998
IBS,Reference,273,K3,1e-05
IBS,Reference,274,K1,1e-05
IBS,Reference,274,K2,0.99998
IBS,Reference,274,K3,1e-05
IBS,Reference,275,K1,1e-05
IBS,Reference,275,K2,0.99998
IBS,Reference,275,K3,1e-05
IBS,Reference,276,K1,1e-05
IBS,Reference,276,K2,0.99998
IBS,Reference,276,K3,1e-05
IBS,Reference,277,K1,1e-05
IBS,Reference,277,K2,0.99998
IBS,Reference,277,K3,1e-05
IBS,Reference,278,K1,1e-05
IBS,Reference,278,K2,0.99998
IBS,Reference,278,K3,1e-05
IBS,Reference,279,K1,1e-05
IBS,Reference,279,K2,0.99998
IBS,Reference,279,K3,1e-05
IBS,Reference,280,K1,1e-05
IBS,Reference,280,K2,0.99998
IBS,Reference,280,K3,1e-05
IBS,Reference,281,K1,1e-05
IBS,Reference,281,K2,0.99998
IBS,Reference,281,K3,1e-05
IBS,Reference,282,K1,1e-05
IBS,Reference,282,K2,0.99998
IBS,Reference,282,K3,1e-05
IBS,Reference,283,K1,1e-05
IBS,Reference,283,K2,0.99998
IBS,Reference,283,K3,1e-05
IBS,Reference,284,K1,1e-05
IBS,Reference,284,K2,0.99998
IBS,Reference,284,K3,1e-05
IBS,Reference,285,K1,1e-05
IBS,Reference,285,K2,0.99998
IBS,Reference,285,K3,1e-05
IBS,Reference,286,K1,1e-05
IBS,Reference,286,K2,0.99998
IBS,Reference,286,K3,1e-05
IBS,Reference,287,K1,1e-05
IBS,Reference,287,K2,0.99998
IBS,Reference,287,K3,1e-05
IBS,Reference,288,K1,1e-05
IBS,Reference,288,K2,0.99998
IBS,Reference,288,K3,1e-05
IBS,Reference,289,K1,1e-05
IBS,Reference,289,K2,0.99998
IBS,Reference,289,K3,1e-05
IBS,Reference,290,K1,1e-05
IBS,Reference,290,K2,0.99998
IBS,Reference,290,K3,1e-05
IBS,Reference,291,K1,1e-05
IBS,Reference,291,K2,0.99998
IBS,Reference,291,K3,1e-05
IBS,Reference,292,K1,1e-05
IBS,Reference,292,K2,0.99998
IBS,Reference,292,K3,1e-05
IBS,Reference,293,K1,1e-05
IBS,Reference,293,K2,0.99998
IBS,Reference,293,K3,1e-05
IBS,Reference,294,K1,1e-05
IBS,Reference,294,K2,0.99998
IBS,Reference,294,K3,1e-05
IBS,Reference,295,K1,1e-05
IBS,Reference,295,K2,0.99998
IBS,Reference,295,K3,1e-05
IBS,Reference,296,K1,1e-05
IBS,Reference,296,K2,0.99998
IBS,Reference,296,K3,1e-05
IBS,Reference,297,K1,1e-05
IBS,Reference,297,K2,0.99998
IBS,Reference,297,K3,1e-05
IBS,Reference,298,K1,1e-05
IBS,Reference,298,K2,0.99998
IBS,Reference,298,K3,1e-05
IBS,Reference,299,K1,1e-05
IBS,Reference,299,K2,0.99998
IBS,Reference,299,K3,1e-05
IBS,Reference,300,K1,1e-05
IBS,Reference,300,K2,0.99998
IBS,Reference,300,K3,1e-05
IBS,Reference,301,K1,1e-05
IBS,Reference,301,K2,0.99998
IBS,Reference,301,K3,1e-05
IBS,Reference,302,K1,1e-05
IBS,Reference,302,K2,0.99998
IBS,Reference,302,K3,1e-05
IBS,Reference,303,K1,1e-05
IBS,Reference,303,K2,0.99998
IBS,Reference,303,K3,1e-05
IBS,Reference,304,K1,1e-05
IBS,Reference,304,K2,0.99998
IBS,Reference,304,K3,1e-05
IBS,Reference,305,K1,1e-05
IBS,Reference,305,K2,0.99998
IBS,Reference,305,K3,1e-05
IBS,Reference,306,K1,1e-05
IBS,Reference,306,K2,0.99998
IBS,Reference,306,K3,1e-05
IBS,Reference,307,K1,1e-05
IBS,Reference,307,K2,0.99998
IBS,Reference,307,K3,1e-05
IBS,Reference,308,K1,1e-05
IBS,Reference,308,K2,0.99998
IBS,Reference,308,K3,1e-05
IBS,Reference,309,K1,1e-05
IBS,Reference,309,K2,0.99998
IBS,Reference,309,K3,1e-05
IBS,Reference,310,K1,1e-05
IBS,Reference,310,K2,0.99998
IBS,Reference,310,K3,1e-05
IBS,Reference,311,K1,1e-05
IBS,Reference,311,K2,0.99998
IBS,Reference,311,K3,1e-05
IBS,Reference,312,K1,1e-05
IBS,Reference,312,K2,0.99998
IBS,Reference,312,K3,1e-05
IBS,Reference,313,K1,1e-05
IBS,Reference,313,K2,0.99998
IBS,Reference,313,K3,1e-05
IBS,Reference,314,K1,1e-05
IBS,Reference,314,K2,0.99998
IBS,Reference,314,K3,1e-05
IBS,Reference,315,K1,1e-05
IBS,Reference,315,K2,0.99998
IBS,Reference,315,K3,1e-05
IBS,Reference,316,K1,1e-05
IBS,Reference,316,K2,0.99998
IBS,Reference,316,K3,1e-05
IBS,Reference,317,K1,1e-05
IBS,Reference,317,K2,0.99998
IBS,Reference,317,K3,1e-05
IBS,Reference,318,K1,1e-05
IBS,Reference,318,K2,0.99998
IBS,Reference,318,K3,1e-05
IBS,Reference,319,K1,1e-05
IBS,Reference,319,K2,0.99998
IBS,Reference,319,K3,1e-05
IBS,Reference,320,K1,1e-05
IBS,Reference,320,K2,0.99998
IBS,Reference,320,K3,1e-05
IBS,Reference,321,K1,1e-05
IBS,Reference,321,K2,0.99998
IBS,Reference,321,K3,1e-05
IBS,Reference,322,K1,1e-05
IBS,Reference,322,K2,0.99998
IBS,Reference,322,K3,1e-05
IBS,Reference,323,K1,1e-05
IBS,Reference,323,K2,0.99998
IBS,Reference,323,K3,1e-05
IBS,Reference,324,K1,1e-05
IBS,Reference,324,K2,0.99998
IBS,Reference,324,K3,1e-05
IBS,Reference,325,K1,1e-05
IBS,Reference,325,K2,0.99998
IBS,Reference,325,K3,1e-05
IBS,Reference,326,K1,1e-05
IBS,Reference,326,K2,0.99998
IBS,Reference,326,K3,1e-05
NAM,Reference,327,K1,0.99998
NAM,Reference,327,K2,1e-05
NAM,Reference,327,K3,1e-05
NAM,Reference,328,K1,0.99998
NAM,Reference,328,K2,1e-05
NAM,Reference,328,K3,1e-05
NAM,Reference,329,K1,0.99998
NAM,Reference,329,K2,1e-05
NAM,Reference,329,K3,1e-05
NAM,Reference,330,K1,0.99998
NAM,Reference,330,K2,1e-05
NAM,Reference,330,K3,1e-05
NAM,Reference,331,K1,0.99998
NAM,Reference,331,K2,1e-05
NAM,Reference,331,K3,1e-05
NAM,Reference,332,K1,0.99998
NAM,Reference,332,K2,1e-05
NAM,Reference,332,K3,1e-05
NAM,Reference,333,K1,0.99998
NAM,Reference,333,K2,1e-05
NAM,Reference,333,K3,1e-05
NAM,Reference,334,K1,0.99998
NAM,Reference,334,K2,1e-05
NAM,Reference,334,K3,1e-05
NAM,Reference,335,K1,0.99998
NAM,Reference,335,K2,1e-05
NAM,Reference,335,K3,1e-05
NAM,Reference,336,K1,0.99998
NAM,Reference,336,K2,1e-05
NAM,Reference,336,K3,1e-05
NAM,Reference,337,K1,0.99998
NAM,Reference,337,K2,1e-05
NAM,Reference,337,K3,1e-05
NAM,Reference,338,K1,0.99998
NAM,Reference,338,K2,1e-05
NAM,Reference,338,K3,1e-05
NAM,Reference,339,K1,0.99998
NAM,Reference,339,K2,1e-05
NAM,Reference,339,K3,1e-05
NAM,Reference,340,K1,0.99998
NAM,Reference,340,K2,1e-05
NAM,Reference,340,K3,1e-05
NAM,Reference,341,K1,0.99998
NAM,Reference,341,K2,1e-05
NAM,Reference,341,K3,1e-05
NAM,Reference,342,K1,0.99998
NAM,Reference,342,K2,1e-05
NAM,Reference,342,K3,1e-05
NAM,Reference,343,K1,0.99998
NAM,Reference,343,K2,1e-05
NAM,Reference,343,K3,1e-05
NAM,Reference,344,K1,0.99998
NAM,Reference,344,K2,1e-05
NAM,Reference,344,K3,1e-05
NAM,Reference,345,K1,0.99998
NAM,Reference,345,K2,1e-05
NAM,Reference,345,K3,1e-05
NAM,Reference,346,K1,0.99998
NAM,Reference,346,K2,1e-05
NAM,Reference,346,K3,1e-05
NAM,Reference,347,K1,0.99998
NAM,Reference,347,K2,1e-05
NAM,Reference,347,K3,1e-05
NAM,Reference,348,K1,0.99998
NAM,Reference,348,K2,1e-05
NAM,Reference,348,K3,1e-05
NAM,Reference,349,K1,0.99998
NAM,Reference,349,K2,1e-05
NAM,Reference,349,K3,1e-05
NAM,Reference,350,K1,0.99998
NAM,Reference,350,K2,1e-05
NAM,Reference,350,K3,1e-05
NAM,Reference,351,K1,0.99998
NAM,Reference,351,K2,1e-05
NAM,Reference,351,K3,1e-05
NAM,Reference,352,K1,0.99998
NAM,Reference,352,K2,1e-05
NAM,Reference,352,K3,1e-05
NAM,Reference,353,K1,0.99998
NAM,Reference,353,K2,1e-05
NAM,Reference,353,K3,1e-05
NAM,Reference,354,K1,0.99998
NAM,Reference,354,K2,1e-05
NAM,Reference,354,K3,1e-05
NAM,Reference,355,K1,0.99998
NAM,Reference,355,K2,1e-05
NAM,Reference,355,K3,1e-05
NAM,Reference,356,K1,0.99998
NAM,Reference,356,K2,1e-05
NAM,Reference,356,K3,1e-05
NAM,Reference,357,K1,0.99998
NAM,Reference,357,K2,1e-05
NAM,Reference,357,K3,1e-05
NAM,Reference,358,K1,0.99998
NAM,Reference,358,K2,1e-05
NAM,Reference,358,K3,1e-05
NAM,Reference,359,K1,0.99998
NAM,Reference,359,K2,1e-05
NAM,Reference,359,K3,1e-05
NAM,Reference,360,K1,0.99998
NAM,Reference,360,K2,1e-05
NAM,Reference,360,K3,1e-05
NAM,Reference,361,K1,0.99998
NAM,Reference,361,K2,1e-05
NAM,Reference,361,K3,1e-05
NAM,Reference,362,K1,0.99998
NAM,Reference,362,K2,1e-05
NAM,Reference,362,K3,1e-05
NAM,Reference,363,K1,0.99998
NAM,Reference,363,K2,1e-05
NAM,Reference,363,K3,1e-05
NAM,Reference,364,K1,0.99998
NAM,Reference,364,K2,1e-05
NAM,Reference,364,K3,1e-05
NAM,Reference,365,K1,0.99998
NAM,Reference,365,K2,1e-05
NAM,Reference,365,K3,1e-05
NAM,Reference,366,K1,0.99998
NAM,Reference,366,K2,1e-05
NAM,Reference,366,K3,1e-05
NAM,Reference,367,K1,0.99998
NAM,Reference,367,K2,1e-05
NAM,Reference,367,K3,1e-05
NAM,Reference,368,K1,0.99998
NAM,Reference,368,K2,1e-05
NAM,Reference,368,K3,1e-05
NAM,Reference,369,K1,0.99998
NAM,Reference,369,K2,1e-05
NAM,Reference,369,K3,1e-05
NAM,Reference,370,K1,0.99998
NAM,Reference,370,K2,1e-05
NAM,Reference,370,K3,1e-05
NAM,Reference,371,K1,0.999976
NAM,Reference,371,K2,1.4e-05
NAM,Reference,371,K3,1e-05
NAM,Reference,372,K1,0.999972
NAM,Reference,372,K2,1.8e-05
NAM,Reference,372,K3,1e-05
NAM,Reference,373,K1,0.999972
NAM,Reference,373,K2,1.8e-05
NAM,Reference,373,K3,1e-05
NAM,Reference,374,K1,0.999971
NAM,Reference,374,K2,1.9e-05
NAM,Reference,374,K3,1e-05
NAM,Reference,375,K1,0.999971
NAM,Reference,375,K2,1.9e-05
NAM,Reference,375,K3,1e-05
NAM,Reference,376,K1,0.997799
NAM,Reference,376,K2,0.002191
NAM,Reference,376,K3,1e-05
NAM,Reference,377,K1,0.967014
NAM,Reference,377,K2,1e-05
NAM,Reference,377,K3,0.032976
NAM,Reference,378,K1,0.965682
NAM,Reference,378,K2,0.034308
NAM,Reference,378,K3,1e-05
NAM,Reference,379,K1,0.938917
NAM,Reference,379,K2,0.061073
NAM,Reference,379,K3,1e-05
NAM,Reference,380,K1,0.937208
NAM,Reference,380,K2,0.030957
NAM,Reference,380,K3,0.031834
NAM,Reference,381,K1,0.92316
NAM,Reference,381,K2,0.07683
NAM,Reference,381,K3,1e-05
NAM,Reference,382,K1,0.910435
NAM,Reference,382,K2,0.049012
NAM,Reference,382,K3,0.040554
NAM,Reference,383,K1,0.888721
NAM,Reference,383,K2,0.090932
NAM,Reference,383,K3,0.020347
NAM,Reference,384,K1,0.854498
NAM,Reference,384,K2,0.145492
NAM,Reference,384,K3,1e-05
NAM,Reference,385,K1,0.841765
NAM,Reference,385,K2,0.130932
NAM,Reference,385,K3,0.027303
NAM,Reference,386,K1,0.747862
NAM,Reference,386,K2,0.252128
NAM,Reference,386,K3,1e-05
NAM,Reference,387,K1,0.745908
NAM,Reference,387,K2,0.254082
NAM,Reference,387,K3,1e-05
NAM,Reference,388,K1,0.705617
NAM,Reference,388,K2,0.261766
NAM,Reference,388,K3,0.032618
ACB,Admixed Population,389,K1,0.065706
ACB,Admixed Population,389,K2,0.312022
ACB,Admixed Population,389,K3,0.622272
ACB,Admixed Population,390,K1,0.022406
ACB,Admixed Population,390,K2,0.19184
ACB,Admixed Population,390,K3,0.785753
ACB,Admixed Population,391,K1,0.021796
ACB,Admixed Population,391,K2,0.220233
ACB,Admixed Population,391,K3,0.757971
ACB,Admixed Population,392,K1,0.011291
ACB,Admixed Population,392,K2,0.130526
ACB,Admixed Population,392,K3,0.858184
ACB,Admixed Population,393,K1,1e-05
ACB,Admixed Population,393,K2,1e-05
ACB,Admixed Population,393,K3,0.99998
ACB,Admixed Population,394,K1,1e-05
ACB,Admixed Population,394,K2,1e-05
ACB,Admixed Population,394,K3,0.99998
ACB,Admixed Population,395,K1,1e-05
ACB,Admixed Population,395,K2,0.004366
ACB,Admixed Population,395,K3,0.995624
ACB,Admixed Population,396,K1,1e-05
ACB,Admixed Population,396,K2,0.013127
ACB,Admixed Population,396,K3,0.986863
ACB,Admixed Population,397,K1,1e-05
ACB,Admixed Population,397,K2,0.018728
ACB,Admixed Population,397,K3,0.981262
ACB,Admixed Population,398,K1,1e-05
ACB,Admixed Population,398,K2,0.020652
ACB,Admixed Population,398,K3,0.979338
ACB,Admixed Population,399,K1,1e-05
ACB,Admixed Population,399,K2,0.029067
ACB,Admixed Population,399,K3,0.970923
ACB,Admixed Population,400,K1,1e-05
ACB,Admixed Population,400,K2,0.032505
ACB,Admixed Population,400,K3,0.967485
ACB,Admixed Population,401,K1,1e-05
ACB,Admixed Population,401,K2,0.032645
ACB,Admixed Population,401,K3,0.967345
ACB,Admixed Population,402,K1,1e-05
ACB,Admixed Population,402,K2,0.039636
ACB,Admixed Population,402,K3,0.960354
ACB,Admixed Population,403,K1,1e-05
ACB,Admixed Population,403,K2,0.041726
ACB,Admixed Population,403,K3,0.958264
ACB,Admixed Population,404,K1,1e-05
ACB,Admixed Population,404,K2,0.047068
ACB,Admixed Population,404,K3,0.952922
ACB,Admixed Population,405,K1,1e-05
ACB,Admixed Population,405,K2,0.048325
ACB,Admixed Population,405,K3,0.951665
ACB,Admixed Population,406,K1,1e-05
ACB,Admixed Population,406,K2,0.058472
ACB,Admixed Population,406,K3,0.941518
ACB,Admixed Population,407,K1,1e-05
ACB,Admixed Population,407,K2,0.058999
ACB,Admixed Population,407,K3,0.940991
ACB,Admixed Population,408,K1,1e-05
ACB,Admixed Population,408,K2,0.059511
ACB,Admixed Population,408,K3,0.940479
ACB,Admixed Population,409,K1,1e-05
ACB,Admixed Population,409,K2,0.059809
ACB,Admixed Population,409,K3,0.940181
ACB,Admixed Population,410,K1,1e-05
ACB,Admixed Population,410,K2,0.060111
ACB,Admixed Population,410,K3,0.939879
ACB,Admixed Population,411,K1,1e-05
ACB,Admixed Population,411,K2,0.061551
ACB,Admixed Population,411,K3,0.938439
ACB,Admixed Population,412,K1,1e-05
ACB,Admixed Population,412,K2,0.062341
ACB,Admixed Population,412,K3,0.937649
ACB,Admixed Population,413,K1,1e-05
ACB,Admixed Population,413,K2,0.067817
ACB,Admixed Population,413,K3,0.932173
ACB,Admixed Population,414,K1,1e-05
ACB,Admixed Population,414,K2,0.068161
ACB,Admixed Population,414,K3,0.931829
ACB,Admixed Population,415,K1,1e-05
ACB,Admixed Population,415,K2,0.068483
ACB,Admixed Population,415,K3,0.931507
ACB,Admixed Population,416,K1,1e-05
ACB,Admixed Population,416,K2,0.068804
ACB,Admixed Population,416,K3,0.931186
ACB,Admixed Population,417,K1,1e-05
ACB,Admixed Population,417,K2,0.070144
ACB,Admixed Population,417,K3,0.929846
ACB,Admixed Population,418,K1,1e-05
ACB,Admixed Population,418,K2,0.070445
ACB,Admixed Population,418,K3,0.929545
ACB,Admixed Population,419,K1,1e-05
ACB,Admixed Population,419,K2,0.070485
ACB,Admixed Population,419,K3,0.929505
ACB,Admixed Population,420,K1,1e-05
ACB,Admixed Population,420,K2,0.070974
ACB,Admixed Population,420,K3,0.929016
ACB,Admixed Population,421,K1,1e-05
ACB,Admixed Population,421,K2,0.077066
ACB,Admixed Population,421,K3,0.922924
ACB,Admixed Population,422,K1,1e-05
ACB,Admixed Population,422,K2,0.084869
ACB,Admixed Population,422,K3,0.915121
ACB,Admixed Population,423,K1,1e-05
ACB,Admixed Population,423,K2,0.086871
ACB,Admixed Population,423,K3,0.913119
ACB,Admixed Population,424,K1,1e-05
ACB,Admixed Population,424,K2,0.087576
ACB,Admixed Population,424,K3,0.912414
ACB,Admixed Population,425,K1,1e-05
ACB,Admixed Population,425,K2,0.088252
ACB,Admixed Population,425,K3,0.911738
ACB,Admixed Population,426,K1,1e-05
ACB,Admixed Population,426,K2,0.090327
ACB,Admixed Population,426,K3,0.909663
ACB,Admixed Population,427,K1,1e-05
ACB,Admixed Population,427,K2,0.095008
ACB,Admixed Population,427,K3,0.904982
ACB,Admixed Population,428,K1,1e-05
ACB,Admixed Population,428,K2,0.100769
ACB,Admixed Population,428,K3,0.899221
ACB,Admixed Population,429,K1,1e-05
ACB,Admixed Population,429,K2,0.109114
ACB,Admixed Population,429,K3,0.890876
ACB,Admixed Population,430,K1,1e-05
ACB,Admixed Population,430,K2,0.119258
ACB,Admixed Population,430,K3,0.880732
ACB,Admixed Population,431,K1,1e-05
ACB,Admixed Population,431,K2,0.119338
ACB,Admixed Population,431,K3,0.880652
ACB,Admixed Population,432,K1,1e-05
ACB,Admixed Population,432,K2,0.119534
ACB,Admixed Population,432,K3,0.880456
ACB,Admixed Population,433,K1,1e-05
ACB,Admixed Population,433,K2,0.119536
ACB,Admixed Population,433,K3,0.880454
ACB,Admixed Population,434,K1,1e-05
ACB,Admixed Population,434,K2,0.122203
ACB,Admixed Population,434,K3,0.877787
ACB,Admixed Population,435,K1,1e-05
ACB,Admixed Population,435,K2,0.122795
ACB,Admixed Population,435,K3,0.877195
ACB,Admixed Population,436,K1,1e-05
ACB,Admixed Population,436,K2,0.127504
ACB,Admixed Population,436,K3,0.872486
ACB,Admixed Population,437,K1,1e-05
ACB,Admixed Population,437,K2,0.127699
ACB,Admixed Population,437,K3,0.872291
ACB,Admixed Population,438,K1,1e-05
ACB,Admixed Population,438,K2,0.128831
ACB,Admixed Population,438,K3,0.871159
ACB,Admixed Population,439,K1,1e-05
ACB,Admixed Population,439,K2,0.137902
ACB,Admixed Population,439,K3,0.862088
ACB,Admixed Population,440,K1,1e-05
ACB,Admixed Population,440,K2,0.144619
ACB,Admixed Population,440,K3,0.855371
ACB,Admixed Population,441,K1,1e-05
ACB,Admixed Population,441,K2,0.147534
ACB,Admixed Population,441,K3,0.852456
ACB,Admixed Population,442,K1,1e-05
ACB,Admixed Population,442,K2,0.150505
ACB,Admixed Population,442,K3,0.849485
ACB,Admixed Population,443,K1,1e-05
ACB,Admixed Population,443,K2,0.152357
ACB,Admixed Population,443,K3,0.847633
ACB,Admixed Population,444,K1,1e-05
ACB,Admixed Population,444,K2,0.158409
ACB,Admixed Population,444,K3,0.841581
ACB,Admixed Population,445,K1,1e-05
ACB,Admixed Population,445,K2,0.174524
ACB,Admixed Population,445,K3,0.825466
ACB,Admixed Population,446,K1,1e-05
ACB,Admixed Population,446,K2,0.192714
ACB,Admixed Population,446,K3,0.807276
ACB,Admixed Population,447,K1,1e-05
ACB,Admixed Population,447,K2,0.282852
ACB,Admixed Population,447,K3,0.717138
ACB,Admixed Population,448,K1,1e-05
ACB,Admixed Population,448,K2,0.439707
ACB,Admixed Population,448,K3,0.560283
ASW,Admixed Population,449,K1,0.101267
ASW,Admixed Population,449,K2,0.312445
ASW,Admixed Population,449,K3,0.586288
ASW,Admixed Population,450,K1,0.049461
ASW,Admixed Population,450,K2,0.183134
ASW,Admixed Population,450,K3,0.767405
ASW,Admixed Population,451,K1,0.025814
ASW,Admixed Population,451,K2,0.129903
ASW,Admixed Population,451,K3,0.844282
ASW,Admixed Population,452,K1,0.020817
ASW,Admixed Population,452,K2,0.096717
ASW,Admixed Population,452,K3,0.882466
ASW,Admixed Population,453,K1,0.013188
ASW,Admixed Population,453,K2,0.146658
ASW,Admixed Population,453,K3,0.840154
ASW,Admixed Population,454,K1,0.011027
ASW,Admixed Population,454,K2,0.264887
ASW,Admixed Population,454,K3,0.724087
ASW,Admixed Population,455,K1,0.01097
ASW,Admixed Population,455,K2,0.24638
ASW,Admixed Population,455,K3,0.742651
ASW,Admixed Population,456,K1,0.007471
ASW,Admixed Population,456,K2,0.253218
ASW,Admixed Population,456,K3,0.739311
ASW,Admixed Population,457,K1,1e-05
ASW,Admixed Population,457,K2,0.079071
ASW,Admixed Population,457,K3,0.920919
ASW,Admixed Population,458,K1,1e-05
ASW,Admixed Population,458,K2,0.084106
ASW,Admixed Population,458,K3,0.915884
ASW,Admixed Population,459,K1,1e-05
ASW,Admixed Population,459,K2,0.085094
ASW,Admixed Population,459,K3,0.914896
ASW,Admixed Population,460,K1,1e-05
ASW,Admixed Population,460,K2,0.091352
ASW,Admixed Population,460,K3,0.908638
ASW,Admixed Population,461,K1,1e-05
ASW,Admixed Population,461,K2,0.09242
ASW,Admixed Population,461,K3,0.90757
ASW,Admixed Population,462,K1,1e-05
ASW,Admixed Population,462,K2,0.094409
ASW,Admixed Population,462,K3,0.905581
ASW,Admixed Population,463,K1,1e-05
ASW,Admixed Population,463,K2,0.103143
ASW,Admixed Population,463,K3,0.896847
ASW,Admixed Population,464,K1,1e-05
ASW,Admixed Population,464,K2,0.109052
ASW,Admixed Population,464,K3,0.890938
ASW,Admixed Population,465,K1,1e-05
ASW,Admixed Population,465,K2,0.111629
ASW,Admixed Population,465,K3,0.888361
ASW,Admixed Population,466,K1,1e-05
ASW,Admixed Population,466,K2,0.113926
ASW,Admixed Population,466,K3,0.886064
ASW,Admixed Population,467,K1,1e-05
ASW,Admixed Population,467,K2,0.120292
ASW,Admixed Population,467,K3,0.879698
ASW,Admixed Population,468,K1,1e-05
ASW,Admixed Population,468,K2,0.122148
ASW,Admixed Population,468,K3,0.877842
ASW,Admixed Population,469,K1,1e-05
ASW,Admixed Population,469,K2,0.125056
ASW,Admixed Population,469,K3,0.874934
ASW,Admixed Population,470,K1,1e-05
ASW,Admixed Population,470,K2,0.125158
ASW,Admixed Population,470,K3,0.874832
ASW,Admixed Population,471,K1,1e-05
ASW,Admixed Population,471,K2,0.141878
ASW,Admixed Population,471,K3,0.858112
ASW,Admixed Population,472,K1,1e-05
ASW,Admixed Population,472,K2,0.154
ASW,Admixed Population,472,K3,0.84599
ASW,Admixed Population,473,K1,1e-05
ASW,Admixed Population,473,K2,0.163069
ASW,Admixed Population,473,K3,0.836921
ASW,Admixed Population,474,K1,1e-05
ASW,Admixed Population,474,K2,0.169169
ASW,Admixed Population,474,K3,0.830821
ASW,Admixed Population,475,K1,1e-05
ASW,Admixed Population,475,K2,0.172648
ASW,Admixed Population,475,K3,0.827342
ASW,Admixed Population,476,K1,1e-05
ASW,Admixed Population,476,K2,0.176143
ASW,Admixed Population,476,K3,0.823847
ASW,Admixed Population,477,K1,1e-05
ASW,Admixed Population,477,K2,0.194985
ASW,Admixed Population,477,K3,0.805005
ASW,Admixed Population,478,K1,1e-05
ASW,Admixed Population,478,K2,0.221665
ASW,Admixed Population,478,K3,0.778325
ASW,Admixed Population,479,K1,1e-05
ASW,Admixed Population,479,K2,0.240153
ASW,Admixed Population,479,K3,0.759837
ASW,Admixed Population,480,K1,1e-05
ASW,Admixed Population,480,K2,0.258353
ASW,Admixed Population,480,K3,0.741637
ASW,Admixed Population,481,K1,1e-05
ASW,Admixed Population,481,K2,0.266815
ASW,Admixed Population,481,K3,0.733175
ASW,Admixed Population,482,K1,1e-05
ASW,Admixed Population,482,K2,0.292796
ASW,Admixed Population,482,K3,0.707194
ASW,Admixed Population,483,K1,1e-05
ASW,Admixed Population,483,K2,0.297883
ASW,Admixed Population,483,K3,0.702107
ASW,Admixed Population,484,K1,1e-05
ASW,Admixed Population,484,K2,0.333536
ASW,Admixed Population,484,K3,0.666454
ASW,Admixed Population,485,K1,1e-05
ASW,Admixed Population,485,K2,0.39273
ASW,Admixed Population,485,K3,0.60726
ASW,Admixed Population,486,K1,1e-05
ASW,Admixed Population,486,K2,0.413248
ASW,Admixed Population,486,K3,0.586742
ASW,Admixed Population,487,K1,1e-05
ASW,Admixed Population,487,K2,0.5126
ASW,Admixed Population,487,K3,0.48739
CLM,Admixed Population,488,K1,0.589346
CLM,Admixed Population,488,K2,0.410644
CLM,Admixed Population,488,K3,1e-05
CLM,Admixed Population,489,K1,0.441482
CLM,Admixed Population,489,K2,0.46004
CLM,Admixed Population,489,K3,0.098478
CLM,Admixed Population,490,K1,0.421408
CLM,Admixed Population,490,K2,0.419525
CLM,Admixed Population,490,K3,0.159066
CLM,Admixed Population,491,K1,0.408872
CLM,Admixed Population,491,K2,0.563775
CLM,Admixed Population,491,K3,0.027353
CLM,Admixed Population,492,K1,0.40852
CLM,Admixed Population,492,K2,0.493934
CLM,Admixed Population,492,K3,0.097545
CLM,Admixed Population,493,K1,0.40708
CLM,Admixed Population,493,K2,0.47709
CLM,Admixed Population,493,K3,0.11583
CLM,Admixed Population,494,K1,0.402628
CLM,Admixed Population,494,K2,0.574065
CLM,Admixed Population,494,K3,0.023307
CLM,Admixed Population,495,K1,0.3931
CLM,Admixed Population,495,K2,0.5769
CLM,Admixed Population,495,K3,0.03
CLM,Admixed Population,496,K1,0.389886
CLM,Admixed Population,496,K2,0.567491
CLM,Admixed Population,496,K3,0.042623
CLM,Admixed Population,497,K1,0.388007
CLM,Admixed Population,497,K2,0.499638
CLM,Admixed Population,497,K3,0.112355
CLM,Admixed Population,498,K1,0.383336
CLM,Admixed Population,498,K2,0.589556
CLM,Admixed Population,498,K3,0.027108
CLM,Admixed Population,499,K1,0.380073
CLM,Admixed Population,499,K2,0.589545
CLM,Admixed Population,499,K3,0.030382
CLM,Admixed Population,500,K1,0.379499
CLM,Admixed Population,500,K2,0.44163
CLM,Admixed Population,500,K3,0.178872
CLM,Admixed Population,501,K1,0.377826
CLM,Admixed Population,501,K2,0.555959
CLM,Admixed Population,501,K3,0.066215
CLM,Admixed Population,502,K1,0.36456
CLM,Admixed Population,502,K2,0.599198
CLM,Admixed Population,502,K3,0.036242
CLM,Admixed Population,503,K1,0.36109
CLM,Admixed Population,503,K2,0.401411
CLM,Admixed Population,503,K3,0.2375
CLM,Admixed Population,504,K1,0.357608
CLM,Admixed Population,504,K2,0.605752
CLM,Admixed Population,504,K3,0.03664
CLM,Admixed Population,505,K1,0.356332
CLM,Admixed Population,505,K2,0.643658
CLM,Admixed Population,505,K3,1e-05
CLM,Admixed Population,506,K1,0.347067
CLM,Admixed Population,506,K2,0.652923
CLM,Admixed Population,506,K3,1e-05
CLM,Admixed Population,507,K1,0.343606
CLM,Admixed Population,507,K2,0.616389
CLM,Admixed Population,507,K3,0.040005
CLM,Admixed Population,508,K1,0.340798
CLM,Admixed Population,508,K2,0.648355
CLM,Admixed Population,508,K3,0.010847
CLM,Admixed Population,509,K1,0.336138
CLM,Admixed Population,509,K2,0.576117
CLM,Admixed Population,509,K3,0.087746
CLM,Admixed Population,510,K1,0.332938
CLM,Admixed Population,510,K2,0.653878
CLM,Admixed Population,510,K3,0.013184
CLM,Admixed Population,511,K1,0.330458
CLM,Admixed Population,511,K2,0.592916
CLM,Admixed Population,511,K3,0.076626
CLM,Admixed Population,512,K1,0.328885
CLM,Admixed Population,512,K2,0.379768
CLM,Admixed Population,512,K3,0.291346
CLM,Admixed Population,513,K1,0.326016
CLM,Admixed Population,513,K2,0.673974
CLM,Admixed Population,513,K3,1e-05
CLM,Admixed Population,514,K1,0.316239
CLM,Admixed Population,514,K2,0.65885
CLM,Admixed Population,514,K3,0.024911
CLM,Admixed Population,515,K1,0.314186
CLM,Admixed Population,515,K2,0.614687
CLM,Admixed Population,515,K3,0.071127
CLM,Admixed Population,516,K1,0.310971
CLM,Admixed Population,516,K2,0.505961
CLM,Admixed Population,516,K3,0.183068
CLM,Admixed Population,517,K1,0.309714
CLM,Admixed Population,517,K2,0.596066
CLM,Admixed Population,517,K3,0.09422
CLM,Admixed Population,518,K1,0.305598
CLM,Admixed Population,518,K2,0.666009
CLM,Admixed Population,518,K3,0.028393
CLM,Admixed Population,519,K1,0.304004
CLM,Admixed Population,519,K2,0.517495
CLM,Admixed Population,519,K3,0.178501
CLM,Admixed Population,520,K1,0.302633
CLM,Admixed Population,520,K2,0.653749
CLM,Admixed Population,520,K3,0.043619
CLM,Admixed Population,521,K1,0.301361
CLM,Admixed Population,521,K2,0.561835
CLM,Admixed Population,521,K3,0.136804
CLM,Admixed Population,522,K1,0.298989
CLM,Admixed Population,522,K2,0.540779
CLM,Admixed Population,522,K3,0.160233
CLM,Admixed Population,523,K1,0.298843
CLM,Admixed Population,523,K2,0.576285
CLM,Admixed Population,523,K3,0.124872
CLM,Admixed Population,524,K1,0.296959
CLM,Admixed Population,524,K2,0.658047
CLM,Admixed Population,524,K3,0.044994
CLM,Admixed Population,525,K1,0.294125
CLM,Admixed Population,525,K2,0.535467
CLM,Admixed Population,525,K3,0.170408
CLM,Admixed Population,526,K1,0.291972
CLM,Admixed Population,526,K2,0.691872
CLM,Admixed Population,526,K3,0.016156
CLM,Admixed Population,527,K1,0.2879
CLM,Admixed Population,527,K2,0.71209
CLM,Admixed Population,527,K3,1e-05
CLM,Admixed Population,528,K1,0.286626
CLM,Admixed Population,528,K2,0.713364
CLM,Admixed Population,528,K3,1e-05
CLM,Admixed Population,529,K1,0.286544
CLM,Admixed Population,529,K2,0.580369
CLM,Admixed Population,529,K3,0.133087
CLM,Admixed Population,530,K1,0.28625
CLM,Admixed Population,530,K2,0.71374
CLM,Admixed Population,530,K3,1e-05
CLM,Admixed Population,531,K1,0.283589
CLM,Admixed Population,531,K2,0.439552
CLM,Admixed Population,531,K3,0.276859
CLM,Admixed Population,532,K1,0.279038
CLM,Admixed Population,532,K2,0.610594
CLM,Admixed Population,532,K3,0.110368
CLM,Admixed Population,533,K1,0.277839
CLM,Admixed Population,533,K2,0.722151
CLM,Admixed Population,533,K3,1e-05
CLM,Admixed Population,534,K1,0.277768
CLM,Admixed Population,534,K2,0.586984
CLM,Admixed Population,534,K3,0.135248
CLM,Admixed Population,535,K1,0.276536
CLM,Admixed Population,535,K2,0.632084
CLM,Admixed Population,535,K3,0.09138
CLM,Admixed Population,536,K1,0.275144
CLM,Admixed Population,536,K2,0.617507
CLM,Admixed Population,536,K3,0.107349
CLM,Admixed Population,537,K1,0.271854
CLM,Admixed Population,537,K2,0.668496
CLM,Admixed Population,537,K3,0.05965
CLM,Admixed Population,538,K1,0.270341
CLM,Admixed Population,538,K2,0.700095
CLM,Admixed Population,538,K3,0.029564
CLM,Admixed Population,539,K1,0.267464
CLM,Admixed Population,539,K2,0.650662
CLM,Admixed Population,539,K3,0.081874
CLM,Admixed Population,540,K1,0.262906
CLM,Admixed Population,540,K2,0.660515
CLM,Admixed Population,540,K3,0.076579
CLM,Admixed Population,541,K1,0.262085
CLM,Admixed Population,541,K2,0.69163
CLM,Admixed Population,541,K3,0.046285
CLM,Admixed Population,542,K1,0.259595
CLM,Admixed Population,542,K2,0.605263
CLM,Admixed Population,542,K3,0.135142
CLM,Admixed Population,543,K1,0.259533
CLM,Admixed Population,543,K2,0.704018
CLM,Admixed Population,543,K3,0.036449
CLM,Admixed Population,544,K1,0.257611
CLM,Admixed Population,544,K2,0.586189
CLM,Admixed Population,544,K3,0.1562
CLM,Admixed Population,545,K1,0.256456
CLM,Admixed Population,545,K2,0.632675
CLM,Admixed Population,545,K3,0.110868
CLM,Admixed Population,546,K1,0.255193
CLM,Admixed Population,546,K2,0.642036
CLM,Admixed Population,546,K3,0.102772
CLM,Admixed Population,547,K1,0.254415
CLM,Admixed Population,547,K2,0.735829
CLM,Admixed Population,547,K3,0.009756
CLM,Admixed Population,548,K1,0.253417
CLM,Admixed Population,548,K2,0.680414
CLM,Admixed Population,548,K3,0.066168
CLM,Admixed Population,549,K1,0.252648
CLM,Admixed Population,549,K2,0.647341
CLM,Admixed Population,549,K3,0.10001
CLM,Admixed Population,550,K1,0.250736
CLM,Admixed Population,550,K2,0.68141
CLM,Admixed Population,550,K3,0.067854
CLM,Admixed Population,551,K1,0.250655
CLM,Admixed Population,551,K2,0.663495
CLM,Admixed Population,551,K3,0.08585
CLM,Admixed Population,552,K1,0.249854
CLM,Admixed Population,552,K2,0.750136
CLM,Admixed Population,552,K3,1e-05
CLM,Admixed Population,553,K1,0.249211
CLM,Admixed Population,553,K2,0.719559
CLM,Admixed Population,553,K3,0.031231
CLM,Admixed Population,554,K1,0.248341
CLM,Admixed Population,554,K2,0.751649
CLM,Admixed Population,554,K3,1e-05
CLM,Admixed Population,555,K1,0.239554
CLM,Admixed Population,555,K2,0.738634
CLM,Admixed Population,555,K3,0.021812
CLM,Admixed Population,556,K1,0.234091
CLM,Admixed Population,556,K2,0.70774
CLM,Admixed Population,556,K3,0.058169
CLM,Admixed Population,557,K1,0.232643
CLM,Admixed Population,557,K2,0.721783
CLM,Admixed Population,557,K3,0.045574
CLM,Admixed Population,558,K1,0.231547
CLM,Admixed Population,558,K2,0.749415
CLM,Admixed Population,558,K3,0.019037
CLM,Admixed Population,559,K1,0.23152
CLM,Admixed Population,559,K2,0.736679
CLM,Admixed Population,559,K3,0.031801
CLM,Admixed Population,560,K1,0.229568
CLM,Admixed Population,560,K2,0.392758
CLM,Admixed Population,560,K3,0.377674
CLM,Admixed Population,561,K1,0.227555
CLM,Admixed Population,561,K2,0.707435
CLM,Admixed Population,561,K3,0.06501
CLM,Admixed Population,562,K1,0.22526
CLM,Admixed Population,562,K2,0.739963
CLM,Admixed Population,562,K3,0.034777
CLM,Admixed Population,563,K1,0.225109
CLM,Admixed Population,563,K2,0.421964
CLM,Admixed Population,563,K3,0.352927
CLM,Admixed Population,564,K1,0.224333
CLM,Admixed Population,564,K2,0.610574
CLM,Admixed Population,564,K3,0.165093
CLM,Admixed Population,565,K1,0.22324
CLM,Admixed Population,565,K2,0.730427
CLM,Admixed Population,565,K3,0.046333
CLM,Admixed Population,566,K1,0.223184
CLM,Admixed Population,566,K2,0.664403
CLM,Admixed Population,566,K3,0.112413
CLM,Admixed Population,567,K1,0.222629
CLM,Admixed Population,567,K2,0.735772
CLM,Admixed Population,567,K3,0.041599
CLM,Admixed Population,568,K1,0.210238
CLM,Admixed Population,568,K2,0.725525
CLM,Admixed Population,568,K3,0.064237
CLM,Admixed Population,569,K1,0.207567
CLM,Admixed Population,569,K2,0.792423
CLM,Admixed Population,569,K3,1e-05
CLM,Admixed Population,570,K1,0.20323
CLM,Admixed Population,570,K2,0.79676
CLM,Admixed Population,570,K3,1e-05
CLM,Admixed Population,571,K1,0.201068
CLM,Admixed Population,571,K2,0.798922
CLM,Admixed Population,571,K3,1e-05
CLM,Admixed Population,572,K1,0.200738
CLM,Admixed Population,572,K2,0.798669
CLM,Admixed Population,572,K3,0.000594
CLM,Admixed Population,573,K1,0.198719
CLM,Admixed Population,573,K2,0.582758
CLM,Admixed Population,573,K3,0.218523
CLM,Admixed Population,574,K1,0.186819
CLM,Admixed Population,574,K2,0.805507
CLM,Admixed Population,574,K3,0.007673
CLM,Admixed Population,575,K1,0.1813
CLM,Admixed Population,575,K2,0.81869
CLM,Admixed Population,575,K3,1e-05
CLM,Admixed Population,576,K1,0.171154
CLM,Admixed Population,576,K2,0.828836
CLM,Admixed Population,576,K3,1e-05
CLM,Admixed Population,577,K1,0.167885
CLM,Admixed Population,577,K2,0.832105
CLM,Admixed Population,577,K3,1e-05
CLM,Admixed Population,578,K1,0.161114
CLM,Admixed Population,578,K2,0.838876
CLM,Admixed Population,578,K3,1e-05
CLM,Admixed Population,579,K1,0.155368
CLM,Admixed Population,579,K2,0.844622
CLM,Admixed Population,579,K3,1e-05
CLM,Admixed Population,580,K1,0.153858
CLM,Admixed Population,580,K2,0.846132
CLM,Admixed Population,580,K3,1e-05
CLM,Admixed Population,581,K1,0.152895
CLM,Admixed Population,581,K2,0.847095
CLM,Admixed Population,581,K3,1e-05
CLM,Admixed Population,582,K1,0.139588
CLM,Admixed Population,582,K2,0.711621
CLM,Admixed Population,582,K3,0.14879
CLM,Admixed Population,583,K1,0.13948
CLM,Admixed Population,583,K2,0.853194
CLM,Admixed Population,583,K3,0.007326
CLM,Admixed Population,584,K1,0.138493
CLM,Admixed Population,584,K2,0.815428
CLM,Admixed Population,584,K3,0.04608
CLM,Admixed Population,585,K1,0.123666
CLM,Admixed Population,585,K2,0.876324
CLM,Admixed Population,585,K3,1e-05
CLM,Admixed Population,586,K1,0.118934
CLM,Admixed Population,586,K2,0.873027
CLM,Admixed Population,586,K3,0.008039
CLM,Admixed Population,587,K1,0.114248
CLM,Admixed Population,587,K2,0.885742
CLM,Admixed Population,587,K3,1e-05
CLM,Admixed Population,588,K1,0.106582
CLM,Admixed Population,588,K2,0.822468
CLM,Admixed Population,588,K3,0.070951
CLM,Admixed Population,589,K1,0.072711
CLM,Admixed Population,589,K2,0.927279
CLM,Admixed Population,589,K3,1e-05
CLM,Admixed Population,590,K1,0.064092
CLM,Admixed Population,590,K2,0.935898
CLM,Admixed Population,590,K3,1e-05
CLM,Admixed Population,591,K1,0.045067
CLM,Admixed Population,591,K2,0.954923
CLM,Admixed Population,591,K3,1e-05
CLM,Admixed Population,592,K1,0.034545
CLM,Admixed Population,592,K2,0.965445
CLM,Admixed Population,592,K3,1e-05
MXL,Admixed Population,593,K1,0.99998
MXL,Admixed Population,593,K2,1e-05
MXL,Admixed Population,593,K3,1e-05
MXL,Admixed Population,594,K1,0.99998
MXL,Admixed Population,594,K2,1e-05
MXL,Admixed Population,594,K3,1e-05
MXL,Admixed Population,595,K1,0.999973
MXL,Admixed Population,595,K2,1.7e-05
MXL,Admixed Population,595,K3,1e-05
MXL,Admixed Population,596,K1,0.964031
MXL,Admixed Population,596,K2,0.035959
MXL,Admixed Population,596,K3,1e-05
MXL,Admixed Population,597,K1,0.959578
MXL,Admixed Population,597,K2,0.040412
MXL,Admixed Population,597,K3,1e-05
MXL,Admixed Population,598,K1,0.927376
MXL,Admixed Population,598,K2,0.072614
MXL,Admixed Population,598,K3,1e-05
MXL,Admixed Population,599,K1,0.778849
MXL,Admixed Population,599,K2,0.221141
MXL,Admixed Population,599,K3,1e-05
MXL,Admixed Population,600,K1,0.774114
MXL,Admixed Population,600,K2,0.225876
MXL,Admixed Population,600,K3,1e-05
MXL,Admixed Population,601,K1,0.758886
MXL,Admixed Population,601,K2,0.234831
MXL,Admixed Population,601,K3,0.006283
MXL,Admixed Population,602,K1,0.742007
MXL,Admixed Population,602,K2,0.257983
MXL,Admixed Population,602,K3,1e-05
MXL,Admixed Population,603,K1,0.692529
MXL,Admixed Population,603,K2,0.261842
MXL,Admixed Population,603,K3,0.045628
MXL,Admixed Population,604,K1,0.687384
MXL,Admixed Population,604,K2,0.289093
MXL,Admixed Population,604,K3,0.023523
MXL,Admixed Population,605,K1,0.680928
MXL,Admixed Population,605,K2,0.275771
MXL,Admixed Population,605,K3,0.043301
MXL,Admixed Population,606,K1,0.652168
MXL,Admixed Population,606,K2,0.301823
MXL,Admixed Population,606,K3,0.046009
MXL,Admixed Population,607,K1,0.639703
MXL,Admixed Population,607,K2,0.322062
MXL,Admixed Population,607,K3,0.038235
MXL,Admixed Population,608,K1,0.637406
MXL,Admixed Population,608,K2,0.345064
MXL,Admixed Population,608,K3,0.01753
MXL,Admixed Population,609,K1,0.620984
MXL,Admixed Population,609,K2,0.379006
MXL,Admixed Population,609,K3,1e-05
MXL,Admixed Population,610,K1,0.616992
MXL,Admixed Population,610,K2,0.336599
MXL,Admixed Population,610,K3,0.04641
MXL,Admixed Population,611,K1,0.613434
MXL,Admixed Population,611,K2,0.330618
MXL,Admixed Population,611,K3,0.055948
MXL,Admixed Population,612,K1,0.6047
MXL,Admixed Population,612,K2,0.351885
MXL,Admixed Population,612,K3,0.043415
MXL,Admixed Population,613,K1,0.604096
MXL,Admixed Population,613,K2,0.339082
MXL,Admixed Population,613,K3,0.056822
MXL,Admixed Population,614,K1,0.601686
MXL,Admixed Population,614,K2,0.343753
MXL,Admixed Population,614,K3,0.054561
MXL,Admixed Population,615,K1,0.590858
MXL,Admixed Population,615,K2,0.377944
MXL,Admixed Population,615,K3,0.031198
MXL,Admixed Population,616,K1,0.589898
MXL,Admixed Population,616,K2,0.377198
MXL,Admixed Population,616,K3,0.032904
MXL,Admixed Population,617,K1,0.588069
MXL,Admixed Population,617,K2,0.351749
MXL,Admixed Population,617,K3,0.060181
MXL,Admixed Population,618,K1,0.58629
MXL,Admixed Population,618,K2,0.370109
MXL,Admixed Population,618,K3,0.043601
MXL,Admixed Population,619,K1,0.579625
MXL,Admixed Population,619,K2,0.378226
MXL,Admixed Population,619,K3,0.042149
MXL,Admixed Population,620,K1,0.570383
MXL,Admixed Population,620,K2,0.383118
MXL,Admixed Population,620,K3,0.046499
MXL,Admixed Population,621,K1,0.567587
MXL,Admixed Population,621,K2,0.400088
MXL,Admixed Population,621,K3,0.032325
MXL,Admixed Population,622,K1,0.561008
MXL,Admixed Population,622,K2,0.392737
MXL,Admixed Population,622,K3,0.046255
MXL,Admixed Population,623,K1,0.547742
MXL,Admixed Population,623,K2,0.407039
MXL,Admixed Population,623,K3,0.045219
MXL,Admixed Population,624,K1,0.543845
MXL,Admixed Population,624,K2,0.400316
MXL,Admixed Population,624,K3,0.055839
MXL,Admixed Population,625,K1,0.534197
MXL,Admixed Population,625,K2,0.420936
MXL,Admixed Population,625,K3,0.044867
MXL,Admixed Population,626,K1,0.530909
MXL,Admixed Population,626,K2,0.450727
MXL,Admixed Population,626,K3,0.018364
MXL,Admixed Population,627,K1,0.517112
MXL,Admixed Population,627,K2,0.445914
MXL,Admixed Population,627,K3,0.036974
MXL,Admixed Population,628,K1,0.516044
MXL,Admixed Population,628,K2,0.452699
MXL,Admixed Population,628,K3,0.031257
MXL,Admixed Population,629,K1,0.515209
MXL,Admixed Population,629,K2,0.436161
MXL,Admixed Population,629,K3,0.04863
MXL,Admixed Population,630,K1,0.50602
MXL,Admixed Population,630,K2,0.453913
MXL,Admixed Population,630,K3,0.040067
MXL,Admixed Population,631,K1,0.494128
MXL,Admixed Population,631,K2,0.499191
MXL,Admixed Population,631,K3,0.006681
MXL,Admixed Population,632,K1,0.485875
MXL,Admixed Population,632,K2,0.457901
MXL,Admixed Population,632,K3,0.056224
MXL,Admixed Population,633,K1,0.482247
MXL,Admixed Population,633,K2,0.460489
MXL,Admixed Population,633,K3,0.057263
MXL,Admixed Population,634,K1,0.47957
MXL,Admixed Population,634,K2,0.498753
MXL,Admixed Population,634,K3,0.021676
MXL,Admixed Population,635,K1,0.478265
MXL,Admixed Population,635,K2,0.491899
MXL,Admixed Population,635,K3,0.029836
MXL,Admixed Population,636,K1,0.478196
MXL,Admixed Population,636,K2,0.439381
MXL,Admixed Population,636,K3,0.082424
MXL,Admixed Population,637,K1,0.47705
MXL,Admixed Population,637,K2,0.512867
MXL,Admixed Population,637,K3,0.010084
MXL,Admixed Population,638,K1,0.472855
MXL,Admixed Population,638,K2,0.484636
MXL,Admixed Population,638,K3,0.042509
MXL,Admixed Population,639,K1,0.471228
MXL,Admixed Population,639,K2,0.498845
MXL,Admixed Population,639,K3,0.029928
MXL,Admixed Population,640,K1,0.470913
MXL,Admixed Population,640,K2,0.486376
MXL,Admixed Population,640,K3,0.042711
MXL,Admixed Population,641,K1,0.470182
MXL,Admixed Population,641,K2,0.477868
MXL,Admixed Population,641,K3,0.05195
MXL,Admixed Population,642,K1,0.458743
MXL,Admixed Population,642,K2,0.524474
MXL,Admixed Population,642,K3,0.016783
MXL,Admixed Population,643,K1,0.454036
MXL,Admixed Population,643,K2,0.482293
MXL,Admixed Population,643,K3,0.063671
MXL,Admixed Population,644,K1,0.449646
MXL,Admixed Population,644,K2,0.504245
MXL,Admixed Population,644,K3,0.046109
MXL,Admixed Population,645,K1,0.446956
MXL,Admixed Population,645,K2,0.528805
MXL,Admixed Population,645,K3,0.024238
MXL,Admixed Population,646,K1,0.446499
MXL,Admixed Population,646,K2,0.459173
MXL,Admixed Population,646,K3,0.094328
MXL,Admixed Population,647,K1,0.442011
MXL,Admixed Population,647,K2,0.478578
MXL,Admixed Population,647,K3,0.079411
MXL,Admixed Population,648,K1,0.436222
MXL,Admixed Population,648,K2,0.500185
MXL,Admixed Population,648,K3,0.063594
MXL,Admixed Population,649,K1,0.430815
MXL,Admixed Population,649,K2,0.539453
MXL,Admixed Population,649,K3,0.029732
MXL,Admixed Population,650,K1,0.430022
MXL,Admixed Population,650,K2,0.521491
MXL,Admixed Population,650,K3,0.048487
MXL,Admixed Population,651,K1,0.427884
MXL,Admixed Population,651,K2,0.530039
MXL,Admixed Population,651,K3,0.042077
MXL,Admixed Population,652,K1,0.426146
MXL,Admixed Population,652,K2,0.542486
MXL,Admixed Population,652,K3,0.031368
MXL,Admixed Population,653,K1,0.415445
MXL,Admixed Population,653,K2,0.553163
MXL,Admixed Population,653,K3,0.031392
MXL,Admixed Population,654,K1,0.412701
MXL,Admixed Population,654,K2,0.534829
MXL,Admixed Population,654,K3,0.05247
MXL,Admixed Population,655,K1,0.411588
MXL,Admixed Population,655,K2,0.490422
MXL,Admixed Population,655,K3,0.09799
MXL,Admixed Population,656,K1,0.404978
MXL,Admixed Population,656,K2,0.549564
MXL,Admixed Population,656,K3,0.045458
MXL,Admixed Population,657,K1,0.383079
MXL,Admixed Population,657,K2,0.614957
MXL,Admixed Population,657,K3,0.001964
MXL,Admixed Population,658,K1,0.381191
MXL,Admixed Population,658,K2,0.599024
MXL,Admixed Population,658,K3,0.019785
MXL,Admixed Population,659,K1,0.374497
MXL,Admixed Population,659,K2,0.586207
MXL,Admixed Population,659,K3,0.039296
MXL,Admixed Population,660,K1,0.370039
MXL,Admixed Population,660,K2,0.607415
MXL,Admixed Population,660,K3,0.022546
MXL,Admixed Population,661,K1,0.341582
MXL,Admixed Population,661,K2,0.627282
MXL,Admixed Population,661,K3,0.031136
MXL,Admixed Population,662,K1,0.340053
MXL,Admixed Population,662,K2,0.636344
MXL,Admixed Population,662,K3,0.023603
MXL,Admixed Population,663,K1,0.331234
MXL,Admixed Population,663,K2,0.655011
MXL,Admixed Population,663,K3,0.013754
MXL,Admixed Population,664,K1,0.330676
MXL,Admixed Population,664,K2,0.658072
MXL,Admixed Population,664,K3,0.011252
MXL,Admixed Population,665,K1,0.324393
MXL,Admixed Population,665,K2,0.647076
MXL,Admixed Population,665,K3,0.028531
MXL,Admixed Population,666,K1,0.321887
MXL,Admixed Population,666,K2,0.642354
MXL,Admixed Population,666,K3,0.035758
MXL,Admixed Population,667,K1,0.310974
MXL,Admixed Population,667,K2,0.660909
MXL,Admixed Population,667,K3,0.028117
MXL,Admixed Population,668,K1,0.307767
MXL,Admixed Population,668,K2,0.668502
MXL,Admixed Population,668,K3,0.023732
MXL,Admixed Population,669,K1,0.303352
MXL,Admixed Population,669,K2,0.678238
MXL,Admixed Population,669,K3,0.01841
MXL,Admixed Population,670,K1,0.297968
MXL,Admixed Population,670,K2,0.702022
MXL,Admixed Population,670,K3,1e-05
MXL,Admixed Population,671,K1,0.289683
MXL,Admixed Population,671,K2,0.688734
MXL,Admixed Population,671,K3,0.021583
MXL,Admixed Population,672,K1,0.289456
MXL,Admixed Population,672,K2,0.685776
MXL,Admixed Population,672,K3,0.024768
MXL,Admixed Population,673,K1,0.270515
MXL,Admixed Population,673,K2,0.700902
MXL,Admixed Population,673,K3,0.028583
MXL,Admixed Population,674,K1,0.264998
MXL,Admixed Population,674,K2,0.688161
MXL,Admixed Population,674,K3,0.046842
MXL,Admixed Population,675,K1,0.231714
MXL,Admixed Population,675,K2,0.755744
MXL,Admixed Population,675,K3,0.012542
MXL,Admixed Population,676,K1,0.20669
MXL,Admixed Population,676,K2,0.782527
MXL,Admixed Population,676,K3,0.010783
MXL,Admixed Population,677,K1,0.203309
MXL,Admixed Population,677,K2,0.743782
MXL,Admixed Population,677,K3,0.052909
MXL,Admixed Population,678,K1,0.130982
MXL,Admixed Population,678,K2,0.869008
MXL,Admixed Population,678,K3,1e-05
MXL,Admixed Population,679,K1,0.128729
MXL,Admixed Population,679,K2,0.846305
MXL,Admixed Population,679,K3,0.024966
MXL,Admixed Population,680,K1,0.109852
MXL,Admixed Population,680,K2,0.869638
MXL,Admixed Population,680,K3,0.02051
MXL,Admixed Population,681,K1,0.061211
MXL,Admixed Population,681,K2,0.938779
MXL,Admixed Population,681,K3,1e-05
MXL,Admixed Population,682,K1,0.036458
MXL,Admixed Population,682,K2,0.963532
MXL,Admixed Population,682,K3,1e-05
PEL,Admixed Population,683,K1,0.99998
PEL,Admixed Population,683,K2,1e-05
PEL,Admixed Population,683,K3,1e-05
PEL,Admixed Population,684,K1,0.99998
PEL,Admixed Population,684,K2,1e-05
PEL,Admixed Population,684,K3,1e-05
PEL,Admixed Population,685,K1,0.99998
PEL,Admixed Population,685,K2,1e-05
PEL,Admixed Population,685,K3,1e-05
PEL,Admixed Population,686,K1,0.99998
PEL,Admixed Population,686,K2,1e-05
PEL,Admixed Population,686,K3,1e-05
PEL,Admixed Population,687,K1,0.99998
PEL,Admixed Population,687,K2,1e-05
PEL,Admixed Population,687,K3,1e-05
PEL,Admixed Population,688,K1,0.99998
PEL,Admixed Population,688,K2,1e-05
PEL,Admixed Population,688,K3,1e-05
PEL,Admixed Population,689,K1,0.99998
PEL,Admixed Population,689,K2,1e-05
PEL,Admixed Population,689,K3,1e-05
PEL,Admixed Population,690,K1,0.99998
PEL,Admixed Population,690,K2,1e-05
PEL,Admixed Population,690,K3,1e-05
PEL,Admixed Population,691,K1,0.999976
PEL,Admixed Population,691,K2,1.4e-05
PEL,Admixed Population,691,K3,1e-05
PEL,Admixed Population,692,K1,0.999974
PEL,Admixed Population,692,K2,1.6e-05
PEL,Admixed Population,692,K3,1e-05
PEL,Admixed Population,693,K1,0.999971
PEL,Admixed Population,693,K2,1.9e-05
PEL,Admixed Population,693,K3,1e-05
PEL,Admixed Population,694,K1,0.999971
PEL,Admixed Population,694,K2,1.9e-05
PEL,Admixed Population,694,K3,1e-05
PEL,Admixed Population,695,K1,0.999971
PEL,Admixed Population,695,K2,1.9e-05
PEL,Admixed Population,695,K3,1e-05
PEL,Admixed Population,696,K1,0.998805
PEL,Admixed Population,696,K2,0.001185
PEL,Admixed Population,696,K3,1e-05
PEL,Admixed Population,697,K1,0.994064
PEL,Admixed Population,697,K2,0.003474
PEL,Admixed Population,697,K3,0.002462
PEL,Admixed Population,698,K1,0.987874
PEL,Admixed Population,698,K2,0.012116
PEL,Admixed Population,698,K3,1e-05
PEL,Admixed Population,699,K1,0.98056
PEL,Admixed Population,699,K2,0.01943
PEL,Admixed Population,699,K3,1e-05
PEL,Admixed Population,700,K1,0.976077
PEL,Admixed Population,700,K2,0.023913
PEL,Admixed Population,700,K3,1e-05
PEL,Admixed Population,701,K1,0.956662
PEL,Admixed Population,701,K2,0.043328
PEL,Admixed Population,701,K3,1e-05
PEL,Admixed Population,702,K1,0.950924
PEL,Admixed Population,702,K2,0.049066
PEL,Admixed Population,702,K3,1e-05
PEL,Admixed Population,703,K1,0.949834
PEL,Admixed Population,703,K2,0.050156
PEL,Admixed Population,703,K3,1e-05
PEL,Admixed Population,704,K1,0.945221
PEL,Admixed Population,704,K2,0.054769
PEL,Admixed Population,704,K3,1e-05
PEL,Admixed Population,705,K1,0.944721
PEL,Admixed Population,705,K2,0.055269
PEL,Admixed Population,705,K3,1e-05
PEL,Admixed Population,706,K1,0.938397
PEL,Admixed Population,706,K2,0.061593
PEL,Admixed Population,706,K3,1e-05
PEL,Admixed Population,707,K1,0.932545
PEL,Admixed Population,707,K2,0.067445
PEL,Admixed Population,707,K3,1e-05
PEL,Admixed Population,708,K1,0.929992
PEL,Admixed Population,708,K2,0.069998
PEL,Admixed Population,708,K3,1e-05
PEL,Admixed Population,709,K1,0.92736
PEL,Admixed Population,709,K2,0.07263
PEL,Admixed Population,709,K3,1e-05
PEL,Admixed Population,710,K1,0.925968
PEL,Admixed Population,710,K2,0.074022
PEL,Admixed Population,710,K3,1e-05
PEL,Admixed Population,711,K1,0.919448
PEL,Admixed Population,711,K2,0.080542
PEL,Admixed Population,711,K3,1e-05
PEL,Admixed Population,712,K1,0.918734
PEL,Admixed Population,712,K2,0.081256
PEL,Admixed Population,712,K3,1e-05
PEL,Admixed Population,713,K1,0.912177
PEL,Admixed Population,713,K2,0.087813
PEL,Admixed Population,713,K3,1e-05
PEL,Admixed Population,714,K1,0.908188
PEL,Admixed Population,714,K2,0.091802
PEL,Admixed Population,714,K3,1e-05
PEL,Admixed Population,715,K1,0.90646
PEL,Admixed Population,715,K2,0.09353
PEL,Admixed Population,715,K3,1e-05
PEL,Admixed Population,716,K1,0.899378
PEL,Admixed Population,716,K2,0.100612
PEL,Admixed Population,716,K3,1e-05
PEL,Admixed Population,717,K1,0.896713
PEL,Admixed Population,717,K2,0.050537
PEL,Admixed Population,717,K3,0.052751
PEL,Admixed Population,718,K1,0.886428
PEL,Admixed Population,718,K2,0.113562
PEL,Admixed Population,718,K3,1e-05
PEL,Admixed Population,719,K1,0.884994
PEL,Admixed Population,719,K2,0.114996
PEL,Admixed Population,719,K3,1e-05
PEL,Admixed Population,720,K1,0.882854
PEL,Admixed Population,720,K2,0.061607
PEL,Admixed Population,720,K3,0.055539
PEL,Admixed Population,721,K1,0.874497
PEL,Admixed Population,721,K2,0.125493
PEL,Admixed Population,721,K3,1e-05
PEL,Admixed Population,722,K1,0.872455
PEL,Admixed Population,722,K2,0.127535
PEL,Admixed Population,722,K3,1e-05
PEL,Admixed Population,723,K1,0.865047
PEL,Admixed Population,723,K2,0.134943
PEL,Admixed Population,723,K3,1e-05
PEL,Admixed Population,724,K1,0.861048
PEL,Admixed Population,724,K2,0.138942
PEL,Admixed Population,724,K3,1e-05
PEL,Admixed Population,725,K1,0.854508
PEL,Admixed Population,725,K2,0.145482
PEL,Admixed Population,725,K3,1e-05
PEL,Admixed Population,726,K1,0.846945
PEL,Admixed Population,726,K2,0.153045
PEL,Admixed Population,726,K3,1e-05
PEL,Admixed Population,727,K1,0.840549
PEL,Admixed Population,727,K2,0.159441
PEL,Admixed Population,727,K3,1e-05
PEL,Admixed Population,728,K1,0.837253
PEL,Admixed Population,728,K2,0.162737
PEL,Admixed Population,728,K3,1e-05
PEL,Admixed Population,729,K1,0.835563
PEL,Admixed Population,729,K2,0.150151
PEL,Admixed Population,729,K3,0.014286
PEL,Admixed Population,730,K1,0.834608
PEL,Admixed Population,730,K2,0.165382
PEL,Admixed Population,730,K3,1e-05
PEL,Admixed Population,731,K1,0.833116
PEL,Admixed Population,731,K2,0.112701
PEL,Admixed Population,731,K3,0.054183
PEL,Admixed Population,732,K1,0.827379
PEL,Admixed Population,732,K2,0.172611
PEL,Admixed Population,732,K3,1e-05
PEL,Admixed Population,733,K1,0.825801
PEL,Admixed Population,733,K2,0.174189
PEL,Admixed Population,733,K3,1e-05
PEL,Admixed Population,734,K1,0.818398
PEL,Admixed Population,734,K2,0.181592
PEL,Admixed Population,734,K3,1e-05
PEL,Admixed Population,735,K1,0.814629
PEL,Admixed Population,735,K2,0.185361
PEL,Admixed Population,735,K3,1e-05
PEL,Admixed Population,736,K1,0.813608
PEL,Admixed Population,736,K2,0.186382
PEL,Admixed Population,736,K3,1e-05
PEL,Admixed Population,737,K1,0.811595
PEL,Admixed Population,737,K2,0.188395
PEL,Admixed Population,737,K3,1e-05
PEL,Admixed Population,738,K1,0.811176
PEL,Admixed Population,738,K2,0.188814
PEL,Admixed Population,738,K3,1e-05
PEL,Admixed Population,739,K1,0.80786
PEL,Admixed Population,739,K2,0.19213
PEL,Admixed Population,739,K3,1e-05
PEL,Admixed Population,740,K1,0.798802
PEL,Admixed Population,740,K2,0.201188
PEL,Admixed Population,740,K3,1e-05
PEL,Admixed Population,741,K1,0.794099
PEL,Admixed Population,741,K2,0.205891
PEL,Admixed Population,741,K3,1e-05
PEL,Admixed Population,742,K1,0.792363
PEL,Admixed Population,742,K2,0.207627
PEL,Admixed Population,742,K3,1e-05
PEL,Admixed Population,743,K1,0.785248
PEL,Admixed Population,743,K2,0.214742
PEL,Admixed Population,743,K3,1e-05
PEL,Admixed Population,744,K1,0.785064
PEL,Admixed Population,744,K2,0.214926
PEL,Admixed Population,744,K3,1e-05
PEL,Admixed Population,745,K1,0.783076
PEL,Admixed Population,745,K2,0.216914
PEL,Admixed Population,745,K3,1e-05
PEL,Admixed Population,746,K1,0.781818
PEL,Admixed Population,746,K2,0.218172
PEL,Admixed Population,746,K3,1e-05
PEL,Admixed Population,747,K1,0.781288
PEL,Admixed Population,747,K2,0.218702
PEL,Admixed Population,747,K3,1e-05
PEL,Admixed Population,748,K1,0.76718
PEL,Admixed Population,748,K2,0.23281
PEL,Admixed Population,748,K3,1e-05
PEL,Admixed Population,749,K1,0.765858
PEL,Admixed Population,749,K2,0.232176
PEL,Admixed Population,749,K3,0.001965
PEL,Admixed Population,750,K1,0.75388
PEL,Admixed Population,750,K2,0.239662
PEL,Admixed Population,750,K3,0.006458
PEL,Admixed Population,751,K1,0.749602
PEL,Admixed Population,751,K2,0.240736
PEL,Admixed Population,751,K3,0.009662
PEL,Admixed Population,752,K1,0.749567
PEL,Admixed Population,752,K2,0.250423
PEL,Admixed Population,752,K3,1e-05
PEL,Admixed Population,753,K1,0.747121
PEL,Admixed Population,753,K2,0.223584
PEL,Admixed Population,753,K3,0.029296
PEL,Admixed Population,754,K1,0.746614
PEL,Admixed Population,754,K2,0.253376
PEL,Admixed Population,754,K3,1e-05
PEL,Admixed Population,755,K1,0.736719
PEL,Admixed Population,755,K2,0.263271
PEL,Admixed Population,755,K3,1e-05
PEL,Admixed Population,756,K1,0.736058
PEL,Admixed Population,756,K2,0.1438
PEL,Admixed Population,756,K3,0.120142
PEL,Admixed Population,757,K1,0.735863
PEL,Admixed Population,757,K2,0.264127
PEL,Admixed Population,757,K3,1e-05
PEL,Admixed Population,758,K1,0.729347
PEL,Admixed Population,758,K2,0.270643
PEL,Admixed Population,758,K3,1e-05
PEL,Admixed Population,759,K1,0.725162
PEL,Admixed Population,759,K2,0.218928
PEL,Admixed Population,759,K3,0.05591
PEL,Admixed Population,760,K1,0.712616
PEL,Admixed Population,760,K2,0.287374
PEL,Admixed Population,760,K3,1e-05
PEL,Admixed Population,761,K1,0.709343
PEL,Admixed Population,761,K2,0.290647
PEL,Admixed Population,761,K3,1e-05
PEL,Admixed Population,762,K1,0.708936
PEL,Admixed Population,762,K2,0.291054
PEL,Admixed Population,762,K3,1e-05
PEL,Admixed Population,763,K1,0.704939
PEL,Admixed Population,763,K2,0.295051
PEL,Admixed Population,763,K3,1e-05
PEL,Admixed Population,764,K1,0.701535
PEL,Admixed Population,764,K2,0.298455
PEL,Admixed Population,764,K3,1e-05
PEL,Admixed Population,765,K1,0.69774
PEL,Admixed Population,765,K2,0.30225
PEL,Admixed Population,765,K3,1e-05
PEL,Admixed Population,766,K1,0.687657
PEL,Admixed Population,766,K2,0.136248
PEL,Admixed Population,766,K3,0.176095
PEL,Admixed Population,767,K1,0.68252
PEL,Admixed Population,767,K2,0.31747
PEL,Admixed Population,767,K3,1e-05
PEL,Admixed Population,768,K1,0.676492
PEL,Admixed Population,768,K2,0.301942
PEL,Admixed Population,768,K3,0.021567
PEL,Admixed Population,769,K1,0.676316
PEL,Admixed Population,769,K2,0.235315
PEL,Admixed Population,769,K3,0.088369
PEL,Admixed Population,770,K1,0.673904
PEL,Admixed Population,770,K2,0.317354
PEL,Admixed Population,770,K3,0.008742
PEL,Admixed Population,771,K1,0.67331
PEL,Admixed Population,771,K2,0.32668
PEL,Admixed Population,771,K3,1e-05
PEL,Admixed Population,772,K1,0.666757
PEL,Admixed Population,772,K2,0.238188
PEL,Admixed Population,772,K3,0.095055
PEL,Admixed Population,773,K1,0.648655
PEL,Admixed Population,773,K2,0.351335
PEL,Admixed Population,773,K3,1e-05
PEL,Admixed Population,774,K1,0.641165
PEL,Admixed Population,774,K2,0.358825
PEL,Admixed Population,774,K3,1e-05
PEL,Admixed Population,775,K1,0.636119
PEL,Admixed Population,775,K2,0.339318
PEL,Admixed Population,775,K3,0.024563
PEL,Admixed Population,776,K1,0.631672
PEL,Admixed Population,776,K2,0.368318
PEL,Admixed Population,776,K3,1e-05
PEL,Admixed Population,777,K1,0.627854
PEL,Admixed Population,777,K2,0.279853
PEL,Admixed Population,777,K3,0.092293
PEL,Admixed Population,778,K1,0.623675
PEL,Admixed Population,778,K2,0.376315
PEL,Admixed Population,778,K3,1e-05
PEL,Admixed Population,779,K1,0.615249
PEL,Admixed Population,779,K2,0.277643
PEL,Admixed Population,779,K3,0.107108
PEL,Admixed Population,780,K1,0.605627
PEL,Admixed Population,780,K2,0.394363
PEL,Admixed Population,780,K3,1e-05
PEL,Admixed Population,781,K1,0.597718
PEL,Admixed Population,781,K2,0.329265
PEL,Admixed Population,781,K3,0.073018
PEL,Admixed Population,782,K1,0.583301
PEL,Admixed Population,782,K2,0.255867
PEL,Admixed Population,782,K3,0.160832
PEL,Admixed Population,783,K1,0.568605
PEL,Admixed Population,783,K2,0.314441
PEL,Admixed Population,783,K3,0.116954
PEL,Admixed Population,784,K1,0.564228
PEL,Admixed Population,784,K2,0.31833
PEL,Admixed Population,784,K3,0.117442
PEL,Admixed Population,785,K1,0.525799
PEL,Admixed Population,785,K2,0.449755
PEL,Admixed Population,785,K3,0.024446
PEL,Admixed Population,786,K1,0.495085
PEL,Admixed Population,786,K2,0.504905
PEL,Admixed Population,786,K3,1e-05
PEL,Admixed Population,787,K1,0.441809
PEL,Admixed Population,787,K2,0.50433
PEL,Admixed Population,787,K3,0.053861
PUR,Admixed Population,788,K1,0.253396
PUR,Admixed Population,788,K2,0.567246
PUR,Admixed Population,788,K3,0.179358
PUR,Admixed Population,789,K1,0.231916
PUR,Admixed Population,789,K2,0.56107
PUR,Admixed Population,789,K3,0.207014
PUR,Admixed Population,790,K1,0.223505
PUR,Admixed Population,790,K2,0.621393
PUR,Admixed Population,790,K3,0.155102
PUR,Admixed Population,791,K1,0.213558
PUR,Admixed Population,791,K2,0.675047
PUR,Admixed Population,791,K3,0.111395
PUR,Admixed Population,792,K1,0.209856
PUR,Admixed Population,792,K2,0.577019
PUR,Admixed Population,792,K3,0.213126
PUR,Admixed Population,793,K1,0.203635
PUR,Admixed Population,793,K2,0.700711
PUR,Admixed Population,793,K3,0.095654
PUR,Admixed Population,794,K1,0.199922
PUR,Admixed Population,794,K2,0.624977
PUR,Admixed Population,794,K3,0.175101
PUR,Admixed Population,795,K1,0.198235
PUR,Admixed Population,795,K2,0.722594
PUR,Admixed Population,795,K3,0.079171
PUR,Admixed Population,796,K1,0.193487
PUR,Admixed Population,796,K2,0.71866
PUR,Admixed Population,796,K3,0.087853
PUR,Admixed Population,797,K1,0.188859
PUR,Admixed Population,797,K2,0.637325
PUR,Admixed Population,797,K3,0.173816
PUR,Admixed Population,798,K1,0.188796
PUR,Admixed Population,798,K2,0.750289
PUR,Admixed Population,798,K3,0.060915
PUR,Admixed Population,799,K1,0.18581
PUR,Admixed Population,799,K2,0.611379
PUR,Admixed Population,799,K3,0.202811
PUR,Admixed Population,800,K1,0.185536
PUR,Admixed Population,800,K2,0.686261
PUR,Admixed Population,800,K3,0.128203
PUR,Admixed Population,801,K1,0.179856
PUR,Admixed Population,801,K2,0.609755
PUR,Admixed Population,801,K3,0.210389
PUR,Admixed Population,802,K1,0.175375
PUR,Admixed Population,802,K2,0.744683
PUR,Admixed Population,802,K3,0.079942
PUR,Admixed Population,803,K1,0.167368
PUR,Admixed Population,803,K2,0.634664
PUR,Admixed Population,803,K3,0.197969
PUR,Admixed Population,804,K1,0.166495
PUR,Admixed Population,804,K2,0.707484
PUR,Admixed Population,804,K3,0.12602
PUR,Admixed Population,805,K1,0.165356
PUR,Admixed Population,805,K2,0.69424
PUR,Admixed Population,805,K3,0.140403
PUR,Admixed Population,806,K1,0.165167
PUR,Admixed Population,806,K2,0.712614
PUR,Admixed Population,806,K3,0.122219
PUR,Admixed Population,807,K1,0.165049
PUR,Admixed Population,807,K2,0.725193
PUR,Admixed Population,807,K3,0.109758
PUR,Admixed Population,808,K1,0.162224
PUR,Admixed Population,808,K2,0.726509
PUR,Admixed Population,808,K3,0.111268
PUR,Admixed Population,809,K1,0.162189
PUR,Admixed Population,809,K2,0.727096
PUR,Admixed Population,809,K3,0.110714
PUR,Admixed Population,810,K1,0.161419
PUR,Admixed Population,810,K2,0.772859
PUR,Admixed Population,810,K3,0.065722
PUR,Admixed Population,811,K1,0.161089
PUR,Admixed Population,811,K2,0.713522
PUR,Admixed Population,811,K3,0.125389
PUR,Admixed Population,812,K1,0.159966
PUR,Admixed Population,812,K2,0.761418
PUR,Admixed Population,812,K3,0.078616
PUR,Admixed Population,813,K1,0.157852
PUR,Admixed Population,813,K2,0.769339
PUR,Admixed Population,813,K3,0.072809
PUR,Admixed Population,814,K1,0.157266
PUR,Admixed Population,814,K2,0.68065
PUR,Admixed Population,814,K3,0.162084
PUR,Admixed Population,815,K1,0.157072
PUR,Admixed Population,815,K2,0.793097
PUR,Admixed Population,815,K3,0.049831
PUR,Admixed Population,816,K1,0.155254
PUR,Admixed Population,816,K2,0.763333
PUR,Admixed Population,816,K3,0.081412
PUR,Admixed Population,817,K1,0.153071
PUR,Admixed Population,817,K2,0.740688
PUR,Admixed Population,817,K3,0.106241
PUR,Admixed Population,818,K1,0.153066
PUR,Admixed Population,818,K2,0.65314
PUR,Admixed Population,818,K3,0.193793
PUR,Admixed Population,819,K1,0.151601
PUR,Admixed Population,819,K2,0.684637
PUR,Admixed Population,819,K3,0.163761
PUR,Admixed Population,820,K1,0.149809
PUR,Admixed Population,820,K2,0.813554
PUR,Admixed Population,820,K3,0.036637
PUR,Admixed Population,821,K1,0.14898
PUR,Admixed Population,821,K2,0.800782
PUR,Admixed Population,821,K3,0.050239
PUR,Admixed Population,822,K1,0.148462
PUR,Admixed Population,822,K2,0.781031
PUR,Admixed Population,822,K3,0.070507
PUR,Admixed Population,823,K1,0.147948
PUR,Admixed Population,823,K2,0.776341
PUR,Admixed Population,823,K3,0.075711
PUR,Admixed Population,824,K1,0.147019
PUR,Admixed Population,824,K2,0.720018
PUR,Admixed Population,824,K3,0.132963
PUR,Admixed Population,825,K1,0.146347
PUR,Admixed Population,825,K2,0.735803
PUR,Admixed Population,825,K3,0.11785
PUR,Admixed Population,826,K1,0.146173
PUR,Admixed Population,826,K2,0.74897
PUR,Admixed Population,826,K3,0.104857
PUR,Admixed Population,827,K1,0.145827
PUR,Admixed Population,827,K2,0.773111
PUR,Admixed Population,827,K3,0.081062
PUR,Admixed Population,828,K1,0.145654
PUR,Admixed Population,828,K2,0.802182
PUR,Admixed Population,828,K3,0.052164
PUR,Admixed Population,829,K1,0.145303
PUR,Admixed Population,829,K2,0.768895
PUR,Admixed Population,829,K3,0.085803
PUR,Admixed Population,830,K1,0.14527
PUR,Admixed Population,830,K2,0.736283
PUR,Admixed Population,830,K3,0.118448
PUR,Admixed Population,831,K1,0.145137
PUR,Admixed Population,831,K2,0.708472
PUR,Admixed Population,831,K3,0.146392
PUR,Admixed Population,832,K1,0.144507
PUR,Admixed Population,832,K2,0.683885
PUR,Admixed Population,832,K3,0.171608
PUR,Admixed Population,833,K1,0.144276
PUR,Admixed Population,833,K2,0.797303
PUR,Admixed Population,833,K3,0.058421
PUR,Admixed Population,834,K1,0.143641
PUR,Admixed Population,834,K2,0.631024
PUR,Admixed Population,834,K3,0.225335
PUR,Admixed Population,835,K1,0.143412
PUR,Admixed Population,835,K2,0.69834
PUR,Admixed Population,835,K3,0.158248
PUR,Admixed Population,836,K1,0.143055
PUR,Admixed Population,836,K2,0.720375
PUR,Admixed Population,836,K3,0.13657
PUR,Admixed Population,837,K1,0.142469
PUR,Admixed Population,837,K2,0.677478
PUR,Admixed Population,837,K3,0.180053
PUR,Admixed Population,838,K1,0.141643
PUR,Admixed Population,838,K2,0.760934
PUR,Admixed Population,838,K3,0.097423
PUR,Admixed Population,839,K1,0.138277
PUR,Admixed Population,839,K2,0.791307
PUR,Admixed Population,839,K3,0.070416
PUR,Admixed Population,840,K1,0.136135
PUR,Admixed Population,840,K2,0.726641
PUR,Admixed Population,840,K3,0.137224
PUR,Admixed Population,841,K1,0.133822
PUR,Admixed Population,841,K2,0.777289
PUR,Admixed Population,841,K3,0.088888
PUR,Admixed Population,842,K1,0.13371
PUR,Admixed Population,842,K2,0.800562
PUR,Admixed Population,842,K3,0.065729
PUR,Admixed Population,843,K1,0.13362
PUR,Admixed Population,843,K2,0.71171
PUR,Admixed Population,843,K3,0.15467
PUR,Admixed Population,844,K1,0.131949
PUR,Admixed Population,844,K2,0.729331
PUR,Admixed Population,844,K3,0.13872
PUR,Admixed Population,845,K1,0.131236
PUR,Admixed Population,845,K2,0.803823
PUR,Admixed Population,845,K3,0.06494
PUR,Admixed Population,846,K1,0.130263
PUR,Admixed Population,846,K2,0.842789
PUR,Admixed Population,846,K3,0.026948
PUR,Admixed Population,847,K1,0.130026
PUR,Admixed Population,847,K2,0.643343
PUR,Admixed Population,847,K3,0.226631
PUR,Admixed Population,848,K1,0.129388
PUR,Admixed Population,848,K2,0.720243
PUR,Admixed Population,848,K3,0.150368
PUR,Admixed Population,849,K1,0.129345
PUR,Admixed Population,849,K2,0.81091
PUR,Admixed Population,849,K3,0.059744
PUR,Admixed Population,850,K1,0.129166
PUR,Admixed Population,850,K2,0.817995
PUR,Admixed Population,850,K3,0.052839
PUR,Admixed Population,851,K1,0.128407
PUR,Admixed Population,851,K2,0.815325
PUR,Admixed Population,851,K3,0.056267
PUR,Admixed Population,852,K1,0.127793
PUR,Admixed Population,852,K2,0.767947
PUR,Admixed Population,852,K3,0.10426
PUR,Admixed Population,853,K1,0.126726
PUR,Admixed Population,853,K2,0.823059
PUR,Admixed Population,853,K3,0.050215
PUR,Admixed Population,854,K1,0.126431
PUR,Admixed Population,854,K2,0.79613
PUR,Admixed Population,854,K3,0.07744
PUR,Admixed Population,855,K1,0.126135
PUR,Admixed Population,855,K2,0.795557
PUR,Admixed Population,855,K3,0.078308
PUR,Admixed Population,856,K1,0.126093
PUR,Admixed Population,856,K2,0.706251
PUR,Admixed Population,856,K3,0.167655
PUR,Admixed Population,857,K1,0.125362
PUR,Admixed Population,857,K2,0.763172
PUR,Admixed Population,857,K3,0.111467
PUR,Admixed Population,858,K1,0.1252
PUR,Admixed Population,858,K2,0.825674
PUR,Admixed Population,858,K3,0.049126
PUR,Admixed Population,859,K1,0.123965
PUR,Admixed Population,859,K2,0.764707
PUR,Admixed Population,859,K3,0.111328
PUR,Admixed Population,860,K1,0.123489
PUR,Admixed Population,860,K2,0.807598
PUR,Admixed Population,860,K3,0.068913
PUR,Admixed Population,861,K1,0.122761
PUR,Admixed Population,861,K2,0.764122
PUR,Admixed Population,861,K3,0.113117
PUR,Admixed Population,862,K1,0.119472
PUR,Admixed Population,862,K2,0.772483
PUR,Admixed Population,862,K3,0.108045
PUR,Admixed Population,863,K1,0.119125
PUR,Admixed Population,863,K2,0.772548
PUR,Admixed Population,863,K3,0.108328
PUR,Admixed Population,864,K1,0.117623
PUR,Admixed Population,864,K2,0.822992
PUR,Admixed Population,864,K3,0.059385
PUR,Admixed Population,865,K1,0.117406
PUR,Admixed Population,865,K2,0.776976
PUR,Admixed Population,865,K3,0.105618
PUR,Admixed Population,866,K1,0.117216
PUR,Admixed Population,866,K2,0.812407
PUR,Admixed Population,866,K3,0.070377
PUR,Admixed Population,867,K1,0.11631
PUR,Admixed Population,867,K2,0.833614
PUR,Admixed Population,867,K3,0.050076
PUR,Admixed Population,868,K1,0.115778
PUR,Admixed Population,868,K2,0.801065
PUR,Admixed Population,868,K3,0.083157
PUR,Admixed Population,869,K1,0.113005
PUR,Admixed Population,869,K2,0.663838
PUR,Admixed Population,869,K3,0.223157
PUR,Admixed Population,870,K1,0.112968
PUR,Admixed Population,870,K2,0.839125
PUR,Admixed Population,870,K3,0.047908
PUR,Admixed Population,871,K1,0.112123
PUR,Admixed Population,871,K2,0.835179
PUR,Admixed Population,871,K3,0.052698
PUR,Admixed Population,872,K1,0.111609
PUR,Admixed Population,872,K2,0.882318
PUR,Admixed Population,872,K3,0.006072
PUR,Admixed Population,873,K1,0.109738
PUR,Admixed Population,873,K2,0.822718
PUR,Admixed Population,873,K3,0.067544
PUR,Admixed Population,874,K1,0.108487
PUR,Admixed Population,874,K2,0.777373
PUR,Admixed Population,874,K3,0.114141
PUR,Admixed Population,875,K1,0.107879
PUR,Admixed Population,875,K2,0.822376
PUR,Admixed Population,875,K3,0.069744
PUR,Admixed Population,876,K1,0.106818
PUR,Admixed Population,876,K2,0.813984
PUR,Admixed Population,876,K3,0.079198
PUR,Admixed Population,877,K1,0.098389
PUR,Admixed Population,877,K2,0.833372
PUR,Admixed Population,877,K3,0.068239
PUR,Admixed Population,878,K1,0.098293
PUR,Admixed Population,878,K2,0.77445
PUR,Admixed Population,878,K3,0.127256
PUR,Admixed Population,879,K1,0.094585
PUR,Admixed Population,879,K2,0.796657
PUR,Admixed Population,879,K3,0.108758
PUR,Admixed Population,880,K1,0.091314
PUR,Admixed Population,880,K2,0.862556
PUR,Admixed Population,880,K3,0.04613
PUR,Admixed Population,881,K1,0.09035
PUR,Admixed Population,881,K2,0.471794
PUR,Admixed Population,881,K3,0.437856
PUR,Admixed Population,882,K1,0.083077
PUR,Admixed Population,882,K2,0.852649
PUR,Admixed Population,882,K3,0.064274
PUR,Admixed Population,883,K1,0.080656
PUR,Admixed Population,883,K2,0.851578
PUR,Admixed Population,883,K3,0.067766
PUR,Admixed Population,884,K1,0.080575
PUR,Admixed Population,884,K2,0.919415
PUR,Admixed Population,884,K3,1e-05
PUR,Admixed Population,885,K1,0.070331
PUR,Admixed Population,885,K2,0.240654
PUR,Admixed Population,885,K3,0.689015
PUR,Admixed Population,886,K1,0.069958
PUR,Admixed Population,886,K2,0.895011
PUR,Admixed Population,886,K3,0.035031
PUR,Admixed Population,887,K1,0.064775
PUR,Admixed Population,887,K2,0.303851
PUR,Admixed Population,887,K3,0.631374
PUR,Admixed Population,888,K1,0.060827
PUR,Admixed Population,888,K2,0.322507
PUR,Admixed Population,888,K3,0.616667
PUR,Admixed Population,889,K1,0.060024
PUR,Admixed Population,889,K2,0.926886
PUR,Admixed Population,889,K3,0.01309
PUR,Admixed Population,890,K1,0.057405
PUR,Admixed Population,890,K2,0.439793
PUR,Admixed Population,890,K3,0.502803
PUR,Admixed Population,891,K1,0.055974
PUR,Admixed Population,891,K2,0.895853
PUR,Admixed Population,891,K3,0.048173
PUR,Admixed Population,892,K1,0.051192
PUR,Admixed Population,892,K2,0.863027
PUR,Admixed Population,892,K3,0.085781
