coh,type,stat,value
ACB,Delta.anc.IBS,mean,0.08095
ACB,Delta.anc.IBS,var,0.00674552368421053
ACB,Delta.anc.YRI,mean,0.08075
ACB,Delta.anc.YRI,var,0.00661809210526316
ACB,Delta.anc.NAM,mean,0.00335
ACB,Delta.anc.NAM,var,2.47657894736842e-05
ACB,Delta.anc.NonYRI.2way,mean,0.1219
ACB,Delta.anc.NonYRI.2way,var,0.00816093684210526
ACB,Delta.anc.YRI.2way,mean,0.1219
ACB,Delta.anc.YRI.2way,var,0.00817283157894737
ACB,Delta.sex,mean,1
ACB,Delta.sex,var,0
ACB,Delta.adm.NAM,mean,0.0044046
ACB,Delta.adm.NAM,var,0.000233133432042105
ACB,Delta.adm.IBS,mean,0.07259405
ACB,Delta.adm.IBS,var,0.00550145160299737
ACB,Delta.adm.YRI,mean,0.0769987
ACB,Delta.adm.YRI,var,0.00645167241611579
ACB,Delta.adm.NonYRI,mean,0.07699865
ACB,Delta.adm.NonYRI,var,0.00645166538950263
ACB,Delta.rfm.NAM,mean,0.00357353457653716
ACB,Delta.rfm.NAM,var,3.28030241523864e-05
ACB,Delta.rfm.IBS,mean,0.0764698305815144
ACB,Delta.rfm.IBS,var,0.0069183316477002
ACB,Delta.rfm.YRI,mean,0.0791983713581278
ACB,Delta.rfm.YRI,var,0.00760303475107601
ACB,Mean.anc.IBS,mean,0.125625
ACB,Mean.anc.IBS,var,0.00505315460526316
ACB,Mean.anc.YRI,mean,0.872075
ACB,Mean.anc.YRI,var,0.00516119144736842
ACB,Mean.anc.NAM,mean,0.002225
ACB,Mean.anc.NAM,var,7.82828947368421e-06
ACB,Mean.anc.NonYRI.2way,mean,0.1277
ACB,Mean.anc.NonYRI.2way,var,0.00378851052631579
ACB,Mean.anc.YRI.2way,mean,0.87225
ACB,Mean.anc.YRI.2way,var,0.00379603947368421
ACB,Mean.sex,mean,1.5
ACB,Mean.sex,var,0
ACB,Mean.adm.NAM,mean,0.0022123
ACB,Mean.adm.NAM,var,5.82833580105263e-05
ACB,Mean.adm.IBS,mean,0.102880075
ACB,Mean.adm.IBS,var,0.00428322794995461
ACB,Mean.adm.YRI,mean,0.8949076
ACB,Mean.adm.YRI,var,0.00482196196341053
ACB,Mean.adm.NonYRI,mean,0.105092375
ACB,Mean.adm.NonYRI,var,0.00482196000139145
ACB,Mean.rfm.NAM,mean,0.00282194561604433
ACB,Mean.rfm.NAM,var,1.05193080889219e-05
ACB,Mean.rfm.IBS,mean,0.120366284750536
ACB,Mean.rfm.IBS,var,0.0047808233657196
ACB,Mean.rfm.YRI,mean,0.87681176963342
ACB,Mean.rfm.YRI,var,0.00504114918445357
ASW,Delta.anc.IBS,mean,0.140923076923077
ASW,Delta.anc.IBS,var,0.0166205769230769
ASW,Delta.anc.YRI,mean,0.142076923076923
ASW,Delta.anc.YRI,var,0.0173165769230769
ASW,Delta.anc.NAM,mean,0.00707692307692308
ASW,Delta.anc.NAM,var,6.99102564102564e-05
ASW,Delta.anc.NonYRI.2way,mean,0.181307692307692
ASW,Delta.anc.NonYRI.2way,var,0.0136020641025641
ASW,Delta.anc.YRI.2way,mean,0.181307692307692
ASW,Delta.anc.YRI.2way,var,0.0136020641025641
ASW,Delta.sex,mean,1
ASW,Delta.sex,var,0
ASW,Delta.adm.NAM,mean,0.013065
ASW,Delta.adm.NAM,var,0.000781185723166667
ASW,Delta.adm.IBS,mean,0.0951771538461538
ASW,Delta.adm.IBS,var,0.00704868381630769
ASW,Delta.adm.YRI,mean,0.0982437692307692
ASW,Delta.adm.YRI,var,0.0103011501806923
ASW,Delta.adm.NonYRI,mean,0.0982436923076923
ASW,Delta.adm.NonYRI,var,0.0103011289318974
ASW,Delta.rfm.NAM,mean,0.0148386036187423
ASW,Delta.rfm.NAM,var,0.000716928853522484
ASW,Delta.rfm.IBS,mean,0.0973078228238688
ASW,Delta.rfm.IBS,var,0.00744623969491512
ASW,Delta.rfm.YRI,mean,0.0984472910158738
ASW,Delta.rfm.YRI,var,0.0104347493615281
ASW,Mean.anc.IBS,mean,0.231307692307692
ASW,Mean.anc.IBS,var,0.0153826891025641
ASW,Mean.anc.YRI,mean,0.761807692307692
ASW,Mean.anc.YRI,var,0.0151239391025641
ASW,Mean.anc.NAM,mean,0.007
ASW,Mean.anc.NAM,var,3.6375e-05
ASW,Mean.anc.NonYRI.2way,mean,0.218576923076923
ASW,Mean.anc.NonYRI.2way,var,0.00859011858974359
ASW,Mean.anc.YRI.2way,mean,0.781423076923077
ASW,Mean.anc.YRI.2way,var,0.00859011858974359
ASW,Mean.sex,mean,1.5
ASW,Mean.sex,var,0
ASW,Mean.adm.NAM,mean,0.0065425
ASW,Mean.adm.NAM,var,0.000195296430791667
ASW,Mean.adm.IBS,mean,0.193051807692308
ASW,Mean.adm.IBS,var,0.0081126833955641
ASW,Mean.adm.YRI,mean,0.800405730769231
ASW,Mean.adm.YRI,var,0.00839500968669231
ASW,Mean.adm.NonYRI,mean,0.199594307692308
ASW,Mean.adm.NonYRI,var,0.00839503392164743
ASW,Mean.rfm.NAM,mean,0.0111082626985414
ASW,Mean.rfm.NAM,var,0.000164735220515071
ASW,Mean.rfm.IBS,mean,0.198930183804634
ASW,Mean.rfm.IBS,var,0.00779384190053618
ASW,Mean.rfm.YRI,mean,0.789961553496825
ASW,Mean.rfm.YRI,var,0.00809192106007455
CLM,Delta.anc.IBS,mean,0.195428571428571
CLM,Delta.anc.IBS,var,0.0152929579831933
CLM,Delta.anc.YRI,mean,0.047
CLM,Delta.anc.YRI,var,0.00157594117647059
CLM,Delta.anc.NAM,mean,0.163028571428571
CLM,Delta.anc.NAM,var,0.0162837932773109
CLM,Delta.anc.NonYRI.2way,mean,0.0945142857142857
CLM,Delta.anc.NonYRI.2way,var,0.00919272773109244
CLM,Delta.anc.YRI.2way,mean,0.0945142857142857
CLM,Delta.anc.YRI.2way,var,0.00919272773109244
CLM,Delta.sex,mean,1
CLM,Delta.sex,var,0
CLM,Delta.adm.NAM,mean,0.0841203428571429
CLM,Delta.adm.NAM,var,0.00699744284082017
CLM,Delta.adm.IBS,mean,0.129555085714286
CLM,Delta.adm.IBS,var,0.0114635721665513
CLM,Delta.adm.YRI,mean,0.0793544285714286
CLM,Delta.adm.YRI,var,0.00773500547619328
CLM,Delta.adm.NonYRI,mean,0.0793544
CLM,Delta.adm.NonYRI,var,0.00773502664695294
CLM,Delta.rfm.NAM,mean,0.0829181466889923
CLM,Delta.rfm.NAM,var,0.00649506847830056
CLM,Delta.rfm.IBS,mean,0.12528597281855
CLM,Delta.rfm.IBS,var,0.010765258552522
CLM,Delta.rfm.YRI,mean,0.0757246525744403
CLM,Delta.rfm.YRI,var,0.00697103759972024
CLM,Mean.anc.IBS,mean,0.649714285714286
CLM,Mean.anc.IBS,var,0.0115360336134454
CLM,Mean.anc.YRI,mean,0.156128571428571
CLM,Mean.anc.YRI,var,0.0283433138655462
CLM,Mean.anc.NAM,mean,0.194171428571429
CLM,Mean.anc.NAM,var,0.0150045432773109
CLM,Mean.anc.NonYRI.2way,mean,0.914714285714286
CLM,Mean.anc.NonYRI.2way,var,0.00355172478991596
CLM,Mean.anc.YRI.2way,mean,0.0852857142857143
CLM,Mean.anc.YRI.2way,var,0.00355172478991597
CLM,Mean.sex,mean,1.5
CLM,Mean.sex,var,0
CLM,Mean.adm.NAM,mean,0.266733485714286
CLM,Mean.adm.NAM,var,0.00605903597002185
CLM,Mean.adm.IBS,mean,0.666172057142857
CLM,Mean.adm.IBS,var,0.0123777131871731
CLM,Mean.adm.YRI,mean,0.0670944428571429
CLM,Mean.adm.YRI,var,0.00363399126624664
CLM,Mean.adm.NonYRI,mean,0.932905542857143
CLM,Mean.adm.NonYRI,var,0.00363399310677017
CLM,Mean.rfm.NAM,mean,0.261579188401378
CLM,Mean.rfm.NAM,var,0.00557066608095985
CLM,Mean.rfm.IBS,mean,0.662168586409634
CLM,Mean.rfm.IBS,var,0.0111279544052371
CLM,Mean.rfm.YRI,mean,0.0762522251889882
CLM,Mean.rfm.YRI,var,0.00321494588168586
MXL,Delta.anc.IBS,mean,0.25921875
MXL,Delta.anc.IBS,var,0.0301390151209677
MXL,Delta.anc.YRI,mean,0.03225
MXL,Delta.anc.YRI,var,0.000923870967741936
MXL,Delta.anc.NAM,mean,0.262375
MXL,Delta.anc.NAM,var,0.0347933387096774
MXL,Delta.anc.NonYRI.2way,mean,0.06584375
MXL,Delta.anc.NonYRI.2way,var,0.00810136189516129
MXL,Delta.anc.YRI.2way,mean,0.06584375
MXL,Delta.anc.YRI.2way,var,0.00810136189516129
MXL,Delta.sex,mean,1
MXL,Delta.sex,var,0
MXL,Delta.adm.NAM,mean,0.11838834375
MXL,Delta.adm.NAM,var,0.00799524473726512
MXL,Delta.adm.IBS,mean,0.12730934375
MXL,Delta.adm.IBS,var,0.00774588706816835
MXL,Delta.adm.YRI,mean,0.01976353125
MXL,Delta.adm.YRI,var,0.000272067643998992
MXL,Delta.adm.NonYRI,mean,0.0197634375
MXL,Delta.adm.NonYRI,var,0.000272068637737903
MXL,Delta.rfm.NAM,mean,0.120034954483593
MXL,Delta.rfm.NAM,var,0.00744246663898612
MXL,Delta.rfm.IBS,mean,0.12790280760895
MXL,Delta.rfm.IBS,var,0.00777873919547233
MXL,Delta.rfm.YRI,mean,0.0196532768560689
MXL,Delta.rfm.YRI,var,0.000198799245003968
MXL,Mean.anc.IBS,mean,0.519328125
MXL,Mean.anc.IBS,var,0.0335309291834677
MXL,Mean.anc.YRI,mean,0.11421875
MXL,Mean.anc.YRI,var,0.0209228054435484
MXL,Mean.anc.NAM,mean,0.3665
MXL,Mean.anc.NAM,var,0.0587783387096774
MXL,Mean.anc.NonYRI.2way,mean,0.942484375
MXL,Mean.anc.NonYRI.2way,var,0.00170913684475806
MXL,Mean.anc.YRI.2way,mean,0.057515625
MXL,Mean.anc.YRI.2way,var,0.00170913684475806
MXL,Mean.sex,mean,1.5
MXL,Mean.sex,var,0
MXL,Mean.adm.NAM,mean,0.477515234375
MXL,Mean.adm.NAM,var,0.0396627358664514
MXL,Mean.adm.IBS,mean,0.490252421875
MXL,Mean.adm.IBS,var,0.0388490265008082
MXL,Mean.adm.YRI,mean,0.032232296875
MXL,Mean.adm.YRI,var,0.000356392984223538
MXL,Mean.adm.NonYRI,mean,0.96776765625
MXL,Mean.adm.NonYRI,var,0.000356390682716733
MXL,Mean.rfm.NAM,mean,0.462283392946246
MXL,Mean.rfm.NAM,var,0.034785218107481
MXL,Mean.rfm.IBS,mean,0.493892243026276
MXL,Mean.rfm.IBS,var,0.0334839149617977
MXL,Mean.rfm.YRI,mean,0.0438243640274779
MXL,Mean.rfm.YRI,var,0.000274418562308475
PEL,Delta.anc.IBS,mean,0.1566
PEL,Delta.anc.IBS,var,0.0139166
PEL,Delta.anc.YRI,mean,0.0182285714285714
PEL,Delta.anc.YRI,var,0.000678416806722689
PEL,Delta.anc.NAM,mean,0.152742857142857
PEL,Delta.anc.NAM,var,0.015558843697479
PEL,Delta.anc.NonYRI.2way,mean,0.0374
PEL,Delta.anc.NonYRI.2way,var,0.00211777647058823
PEL,Delta.anc.YRI.2way,mean,0.0374285714285714
PEL,Delta.anc.YRI.2way,var,0.00211578151260504
PEL,Delta.sex,mean,1
PEL,Delta.sex,var,0
PEL,Delta.adm.NAM,mean,0.124001257142857
PEL,Delta.adm.NAM,var,0.00779464640849076
PEL,Delta.adm.IBS,mean,0.112138885714286
PEL,Delta.adm.IBS,var,0.00808082186122185
PEL,Delta.adm.YRI,mean,0.0258640571428571
PEL,Delta.adm.YRI,var,0.00213578904711429
PEL,Delta.adm.NonYRI,mean,0.0258640285714286
PEL,Delta.adm.NonYRI,var,0.00213578631314622
PEL,Delta.rfm.NAM,mean,0.11968889057525
PEL,Delta.rfm.NAM,var,0.00598291209149718
PEL,Delta.rfm.IBS,mean,0.105722644793252
PEL,Delta.rfm.IBS,var,0.00622157749591691
PEL,Delta.rfm.YRI,mean,0.0293160589120479
PEL,Delta.rfm.YRI,var,0.00169452727757188
PEL,Mean.anc.IBS,mean,0.2407
PEL,Mean.anc.IBS,var,0.0181596205882353
PEL,Mean.anc.YRI,mean,0.0718857142857143
PEL,Mean.anc.YRI,var,0.0217241042016807
PEL,Mean.anc.NAM,mean,0.687542857142857
PEL,Mean.anc.NAM,var,0.0703779025210084
PEL,Mean.anc.NonYRI.2way,mean,0.962042857142857
PEL,Mean.anc.NonYRI.2way,var,0.00098538781512605
PEL,Mean.anc.YRI.2way,mean,0.0379428571428571
PEL,Mean.anc.YRI.2way,var,0.000986173109243697
PEL,Mean.sex,mean,1.5
PEL,Mean.sex,var,0
PEL,Mean.adm.NAM,mean,0.8092854
PEL,Mean.adm.NAM,var,0.0142118704943647
PEL,Mean.adm.IBS,mean,0.175224442857143
PEL,Mean.adm.IBS,var,0.0115892994095996
PEL,Mean.adm.YRI,mean,0.0154901714285714
PEL,Mean.adm.YRI,var,0.000809007813896219
PEL,Mean.adm.NonYRI,mean,0.984509842857143
PEL,Mean.adm.NonYRI,var,0.00080900720534958
PEL,Mean.rfm.NAM,mean,0.763694324192527
PEL,Mean.rfm.NAM,var,0.0118321010395122
PEL,Mean.rfm.IBS,mean,0.212155670244899
PEL,Mean.rfm.IBS,var,0.00937732319315504
PEL,Mean.rfm.YRI,mean,0.0241500055625739
PEL,Mean.rfm.YRI,var,0.000774268805826265
PUR,Delta.anc.IBS,mean,0.1242
PUR,Delta.anc.IBS,var,0.0101398117647059
PUR,Delta.anc.YRI,mean,0.0761142857142857
PUR,Delta.anc.YRI,var,0.00307445714285714
PUR,Delta.anc.NAM,mean,0.0988285714285714
PUR,Delta.anc.NAM,var,0.0075096756302521
PUR,Delta.anc.NonYRI.2way,mean,0.135028571428571
PUR,Delta.anc.NonYRI.2way,var,0.0114909697478992
PUR,Delta.anc.YRI.2way,mean,0.135028571428571
PUR,Delta.anc.YRI.2way,var,0.0114909697478992
PUR,Delta.sex,mean,1
PUR,Delta.sex,var,0
PUR,Delta.adm.NAM,mean,0.0338652857142857
PUR,Delta.adm.NAM,var,0.000915215956092437
PUR,Delta.adm.IBS,mean,0.0749151714285714
PUR,Delta.adm.IBS,var,0.00722333081720504
PUR,Delta.adm.YRI,mean,0.0599841714285714
PUR,Delta.adm.YRI,var,0.00642560832155798
PUR,Delta.adm.NonYRI,mean,0.0599841714285714
PUR,Delta.adm.NonYRI,var,0.00642561054773445
PUR,Delta.rfm.NAM,mean,0.0339117718745995
PUR,Delta.rfm.NAM,var,0.000866288725766982
PUR,Delta.rfm.IBS,mean,0.0704388111422335
PUR,Delta.rfm.IBS,var,0.00658681346288826
PUR,Delta.rfm.YRI,mean,0.0577311970422651
PUR,Delta.rfm.YRI,var,0.00542519660406826
PUR,Mean.anc.IBS,mean,0.716671428571429
PUR,Mean.anc.IBS,var,0.0130386462184874
PUR,Mean.anc.YRI,mean,0.154828571428571
PUR,Mean.anc.YRI,var,0.016033087394958
PUR,Mean.anc.NAM,mean,0.128442857142857
PUR,Mean.anc.NAM,var,0.00248407016806723
PUR,Mean.anc.NonYRI.2way,mean,0.8602
PUR,Mean.anc.NonYRI.2way,var,0.0110052676470588
PUR,Mean.anc.YRI.2way,mean,0.1398
PUR,Mean.anc.YRI.2way,var,0.0110052676470588
PUR,Mean.sex,mean,1.5
PUR,Mean.sex,var,0
PUR,Mean.adm.NAM,mean,0.1380859
PUR,Mean.adm.NAM,var,0.00114547338705588
PUR,Mean.adm.IBS,mean,0.734881557142857
PUR,Mean.adm.IBS,var,0.010999254634629
PUR,Mean.adm.YRI,mean,0.127032542857143
PUR,Mean.adm.YRI,var,0.011444441946476
PUR,Mean.adm.NonYRI,mean,0.872967457142857
PUR,Mean.adm.NonYRI,var,0.0114444272121378
PUR,Mean.rfm.NAM,mean,0.138714201521381
PUR,Mean.rfm.NAM,var,0.00116316587753403
PUR,Mean.rfm.IBS,mean,0.729776768113659
PUR,Mean.rfm.IBS,var,0.00980190088540109
PUR,Mean.rfm.YRI,mean,0.13150903036496
PUR,Mean.rfm.YRI,var,0.0103255958851876
